id,category,question,option_a,option_b,option_c,option_d,answer,explanation
1,Values and Principles,How many questions are asked in the official Life in the UK test?,30,45,20,24,D,"The official test consists of 24 multiple-choice questions drawn from the material in the official handbook for new residents. Candidates are given 45 minutes to complete them, which works out at just under two minutes per question, although most people finish well within the time allowed. The questions are selected at random by the testing software, so no two candidates sit exactly the same paper. Because the questions can come from any part of the syllabus, covering history, society, government and the law, there is no reliable way to revise selectively. The safest preparation is to read the whole handbook and then practise with question banks like this one until the facts become familiar."
2,Values and Principles,What percentage must you score to pass the Life in the UK test?,75 per cent,90 per cent,50 per cent,60 per cent,A,"The pass mark for the test is 75 per cent, which means answering at least 18 of the 24 questions correctly. You can therefore get six questions wrong and still pass. Results are given at the test centre shortly after the test finishes, and successful candidates receive a unique reference number that must be included with an application for settlement or naturalisation. There is no limit on the number of times the test may be retaken, but each attempt has to be booked and paid for separately, and there is a waiting period between attempts. Because the fee is not refundable, thorough preparation before the first sitting usually saves both money and time."
3,Values and Principles,How long are candidates given to complete the Life in the UK test?,60 minutes,30 minutes,90 minutes,45 minutes,D,"Candidates have 45 minutes to answer the 24 multiple-choice questions that make up the test. The test is taken on a computer at a registered test centre, and the software keeps track of the remaining time on screen. Most candidates who have prepared properly find the time generous, since each question needs only the recall of a single fact. Anyone who is unsure of an answer can move on and return to it before submitting, so it is sensible not to spend too long on any one question. The result is calculated immediately once the test is submitted, and staff at the centre hand out a printed notification letter confirming whether the candidate has passed."
4,Values and Principles,Which document is the Life in the UK test based on?,The British Citizenship Handbook,The Highway Code,The Immigration Rules,Life in the United Kingdom: A Guide for New Residents,D,"All of the questions in the official test are taken from the Home Office publication 'Life in the United Kingdom: A Guide for New Residents'. The handbook covers the values and principles of British life, the make-up of the United Kingdom, a long sweep of British history, modern British society and culture, and the workings of government and the law. Questions are set only on material that appears in the handbook, so candidates do not need to research beyond it, though a good general awareness certainly helps. The guide is published in printed and digital formats and is periodically updated, so it is important to revise from the current edition rather than an older copy that may contain outdated information."
5,Values and Principles,Which of these is one of the fundamental principles of British life listed in the official handbook?,Compulsory military service,The rule of law,State ownership of the press,Mandatory church attendance,B,"The handbook sets out several fundamental principles that underpin life in Britain: democracy, the rule of law, individual liberty, tolerance of those with different faiths and beliefs, and participation in community life. The rule of law means that everyone, including those who govern, is subject to the same laws and that nobody is above them. These principles are not merely decorative statements; they shape the rights people enjoy and the duties they owe to one another. Applicants for settlement or citizenship are expected to understand and respect them, and the citizenship pledge refers directly to upholding the country's democratic values. Compulsory military service and compulsory religious observance form no part of modern British life."
6,Values and Principles,Which of these is listed in the handbook as a responsibility of everyone living in the UK?,Joining a registered political party,Attending a place of worship weekly,Looking after the area in which you live and the environment,Reporting your neighbours' opinions to the police,C,"Alongside the rights it describes, the handbook lists responsibilities that everyone permanently settled in the United Kingdom is expected to accept. These include respecting and obeying the law, respecting the rights of others including their right to hold their own opinions, treating others with fairness, looking after yourself and your family, and looking after the area in which you live and the environment. None of these obliges anyone to hold particular beliefs or to join any organisation. Joining a political party or attending a place of worship is entirely a matter of personal choice, protected by the freedoms of belief and association that the same chapter of the handbook describes."
7,Values and Principles,"At a citizenship ceremony, to whom do new citizens swear or affirm allegiance?",The Prime Minister,The monarch,Parliament,The Speaker of the House of Commons,B,"New citizens who take the oath swear by Almighty God, or solemnly and sincerely affirm if they prefer not to swear on a religious text, that they will be faithful and bear true allegiance to the monarch, his or her heirs and successors, according to law. The oath is made to the sovereign as head of state rather than to any politician or political institution, which reflects the constitutional position of the Crown as a symbol of national continuity standing above party politics. Both the religious oath and the secular affirmation carry exactly the same legal weight, so nobody is required to make a religious declaration against their conscience in order to become a British citizen."
8,Values and Principles,"In addition to the oath or affirmation of allegiance, what else do new citizens make at a citizenship ceremony?",A promise to vote in every election,A declaration of their annual income,A donation to a local charity,A pledge of loyalty to the United Kingdom,D,"As well as swearing or affirming allegiance to the monarch, new citizens give a pledge of loyalty to the United Kingdom. In it they promise to respect the country's rights and freedoms, to uphold its democratic values, to observe its laws faithfully and to fulfil their duties and obligations as British citizens. The two statements together express the twin ideas of loyalty to the head of state and commitment to the country's democratic institutions. Ceremonies are usually arranged by the local authority and are often attended by family and friends; the new citizen receives a certificate of British citizenship. Nobody is asked to donate money, disclose their income, or promise to vote at any particular election."
9,Values and Principles,Which body usually organises citizenship ceremonies?,The local authority,The local police force,The Church of England,The Home Office in London,A,"Citizenship ceremonies are normally arranged by the local authority for the area in which the new citizen lives, and they typically take place in a register office, town hall or civic building. Applicants are invited to attend a ceremony after their application for naturalisation has been approved, and they are usually allowed to bring guests. During the ceremony the oath or affirmation and the pledge are made in the presence of a dignitary, often the mayor or a local registrar, and a certificate of British citizenship is presented. The national anthem is generally played. Although the Home Office decides citizenship applications, the ceremony itself is a local civic occasion that marks the point at which citizenship formally takes effect."
10,Values and Principles,"Which of these freedoms does the UK offer to those who live there, according to the handbook?",Freedom from paying any tax,Freedom to ignore court judgments,Freedom from all criminal prosecution,Freedom of speech,D,"The handbook lists a number of freedoms that the United Kingdom offers to those who make their home there. They include freedom of belief and religion, freedom of speech, freedom from unfair discrimination, a right to a fair trial and a right to join in the election of a government. Freedom of speech allows people to express opinions and to criticise the government openly, though it does not extend to inciting violence or hatred, and it is limited by laws on matters such as defamation. None of the freedoms described releases anybody from paying lawfully due taxes, from obeying the judgments of the courts, or from being prosecuted where there is evidence of a criminal offence."
11,Values and Principles,What does the phrase 'the rule of law' mean in the British context?,Judges can create any law they wish,Only citizens have to obey the law,The monarch decides which laws apply to whom,"Everyone, including those in government, must obey the law",D,"The rule of law means that laws apply equally to everybody and that nobody is above them, including ministers, members of Parliament, police officers and the monarch's government. If a public body acts beyond its legal powers, its decisions can be challenged in the courts. The principle also implies that laws should be applied fairly and consistently, that people should not be punished except for a breach of the law, and that disputes should be decided by independent judges rather than by political direction. It is one of the fundamental principles of British life set out in the handbook, alongside democracy, individual liberty, tolerance of different faiths and beliefs, and participation in community life."
12,Values and Principles,Who is normally exempt from taking the Life in the UK test on grounds of age?,People under 21 or aged 60 and over,People under 25 or aged 55 and over,People under 18 or aged 65 and over,People under 16 or aged 70 and over,C,"Applicants who are under 18 years of age or who are aged 65 or over are not normally required to take the Life in the UK test when applying for settlement or naturalisation. There is also an exemption for people who have a long-term physical or mental condition that prevents them from taking the test, provided that the condition is confirmed in writing by a doctor. Everyone else must pass the test and must also demonstrate the required standard of English. These exemptions exist because the purpose of the requirement is to help working-age newcomers settle successfully, and applying it rigidly to children or to people in poor health would serve no useful purpose."
13,Values and Principles,What level of English must most applicants for naturalisation normally demonstrate?,B1 of the Common European Framework of Reference,C2 of the Common European Framework of Reference,A1 of the Common European Framework of Reference,No level of English is required,A,"Most applicants for settlement or naturalisation must show that they can speak and understand English to at least level B1 of the Common European Framework of Reference for Languages, which describes an intermediate speaker who can handle everyday situations and express opinions on familiar topics. The requirement can be met by passing an approved speaking and listening test, by holding a degree taught or researched in English, or by being a national of a majority English-speaking country. It is a separate requirement from the Life in the UK test, and both normally have to be satisfied. In Wales or Scotland the requirement may be met through Welsh or Scottish Gaelic instead of English."
14,Values and Principles,Where must the Life in the UK test be taken?,At any public library,At home on any computer,At the applicant's local police station,At a registered test centre,D,"The test can only be taken at an official registered test centre, of which there are many spread across the United Kingdom. Candidates book a place online, normally at least three days in advance, and pay the fee at the time of booking. On the day, they must bring acceptable photographic identification and proof of the address they gave when booking; anyone who arrives without the correct documents will be turned away and will lose the fee. The test is taken on a computer under supervision, and personal belongings such as phones and notes must be left outside the testing room. Taking the test at home or in an unsupervised setting is not permitted."
15,Values and Principles,Which of these is a fundamental principle of British life mentioned in the handbook?,Loyalty to a single political party,Tolerance of those with different faiths and beliefs,Preference for British-born residents in employment,Obedience to religious leaders,B,"Tolerance of those with different faiths and beliefs is one of the fundamental principles the handbook identifies, alongside democracy, the rule of law, individual liberty and participation in community life. Tolerance in this sense means accepting that other people are entitled to hold and practise beliefs that differ from your own, and that they should be free to do so without harassment. It works hand in hand with the freedom from unfair discrimination that British law protects in areas such as employment, housing and services. Favouring people on grounds of their birthplace when recruiting, or expecting deference to religious authority in public life, would run directly against the principles the handbook describes."
16,Values and Principles,What is the name given to the status of being allowed to live permanently in the UK?,Temporary residence status,Provisional settlement,Registered alien status,Indefinite leave to remain,D,"Permission to live in the United Kingdom permanently without any time restriction is known as indefinite leave to remain, often shortened to ILR and sometimes called settlement. People with this status may work and study freely and may come and go from the country, although it can lapse after a long period of absence. Settlement is usually a stage on the way to naturalisation as a British citizen, and applicants for it normally have to pass the Life in the UK test and meet the English language requirement. Citizenship differs from settlement in giving the holder a British passport, the right to vote in all elections and the right to stand for public office."
17,Values and Principles,"Which of these is a right enjoyed by people living in the UK, according to the handbook?",A right to break laws you disagree with,A right to refuse to pay income tax,A right to a fair trial,A right to free housing,C,"The handbook lists a right to a fair trial among the things the United Kingdom offers to those who live there, along with freedom of belief and religion, freedom of speech, freedom from unfair discrimination and a right to take part in electing a government. A fair trial means an open hearing before an impartial court, the presumption of innocence until guilt is proved, and the opportunity to be legally represented and to challenge the evidence. These rights are matched by responsibilities, including respecting and obeying the law and treating others with fairness. The handbook is clear that disagreement with a law is not a justification for breaking it; the proper remedy is to campaign to change it through democratic means."
18,Values and Principles,What happens to people who are found to have cheated in the Life in the UK test?,They are given an immediate retake at no cost,Their result is cancelled and their immigration application may be refused,They receive a formal warning but keep their pass,They are fined but allowed to continue,B,"The test is taken under supervision precisely because its integrity matters. Candidates found cheating, whether by bringing notes into the test room, using a phone, or arranging for somebody else to sit the test in their place, have their result cancelled. Because deception of this kind goes to the heart of an applicant's good character, it can also lead to the refusal of an application for settlement or citizenship and, in serious cases, to prosecution. Applicants for naturalisation must satisfy the Home Office that they are of good character, and a proven attempt to deceive the authorities is very difficult to reconcile with that requirement."
19,Values and Principles,Which of these is expected of people who wish to become permanent residents of the UK?,"Respecting the rights of others, including their right to their own opinions",Working only in a profession approved by the government,Living in England rather than the other UK nations,Giving up all other nationalities,A,"Among the responsibilities the handbook sets out is respecting the rights of other people, including their right to hold opinions different from your own. This flows directly from the principles of individual liberty and tolerance. The United Kingdom does not require new citizens to renounce another nationality, so dual citizenship is common, although the other country involved may take a different view. There is likewise no requirement to settle in a particular part of the United Kingdom or to work in a particular occupation. The responsibilities listed are broad civic expectations, such as obeying the law, treating others fairly, supporting yourself and your family, and caring for your local area and the environment."
20,Values and Principles,What does 'individual liberty' mean as a principle of British life?,People may do absolutely anything they wish,Only British citizens have personal freedoms,People are free to make their own choices within the law,The government decides what is best for each person,C,"Individual liberty means that people are free to live as they choose, to hold their own beliefs, to speak their minds and to associate with whom they wish, provided that they act within the law and do not harm the rights of others. It is one of the fundamental principles listed in the handbook and sits alongside democracy, the rule of law, tolerance and participation in community life. The freedom is not unlimited: the law restricts conduct that endangers people or incites hatred and violence. Nor is it confined to citizens, since the protections of British law apply to everyone lawfully present in the country, whatever their nationality or immigration status."
21,Values and Principles,How far in advance must the Life in the UK test normally be booked?,At least 14 days,It can be booked on the day,At least 3 days,At least 1 month,C,"The test must normally be booked online at least three days in advance of the date you want to sit it, and the fee is paid at the time of booking. Candidates choose a registered test centre and a time slot from those available. When booking, you must give your name and address exactly as they appear on the identity document and proof of address you intend to bring, because centre staff check that these match before allowing anyone to sit the test. Arriving late, bringing the wrong documents, or failing to turn up all result in the loss of the fee, so it pays to check the requirements carefully before the day."
22,Values and Principles,Which of these best describes the UK as a democracy?,Power is held by a single ruling family,Power is held by senior judges,Power is held by elected representatives accountable to the people,Power is held by the largest employers,C,"Democracy is the first of the fundamental principles listed in the handbook. In the United Kingdom it takes the form of a parliamentary democracy in which citizens elect members of Parliament to represent them, and the government is drawn from and accountable to the elected House of Commons. If voters are dissatisfied, they can remove their representatives at the next general election. The monarch is head of state but does not govern, acting on the advice of ministers, while judges interpret and apply the law rather than making policy. Democratic government of this kind developed gradually over centuries rather than being created at a single moment, with the franchise widening in stages until universal adult suffrage was achieved."
23,Values and Principles,Which of these is listed as a responsibility of those settling permanently in the UK?,Becoming a member of a trade union,Volunteering for the armed forces,Donating to a political party,Looking after yourself and your family,D,"The handbook expects people who make their permanent home in the United Kingdom to take responsibility for looking after themselves and their families. The idea is that people should support themselves through work where they can and should care for their dependants, while the state provides a safety net for those in genuine need. Other listed responsibilities include obeying the law, respecting the rights and opinions of others, treating people fairly, and caring for the local area and the environment. Joining a trade union, giving money to a political party and serving in the armed forces are all voluntary choices in Britain, protected by the freedoms of association and conscience rather than required of anybody."
24,Values and Principles,What must candidates bring with them to a Life in the UK test appointment?,A letter from an employer,A completed citizenship application form,Two passport photographs and a birth certificate,Acceptable photographic identification and proof of address,D,"Candidates must bring an acceptable form of photographic identification, such as a passport, a biometric residence permit or a UK photocard driving licence, together with proof of the address they used when booking, for example a recent utility bill or council tax statement. Staff check that the name and address match the booking exactly. Anyone who cannot produce the correct documents will not be allowed to sit the test and will lose the fee, with no refund and no transfer to another date. Phones, bags, notes and other personal items must be left outside the test room. These precautions exist to make sure that the person taking the test is the person who booked it."
25,Values and Principles,Which of these statements about extremism is consistent with the values described in the handbook?,Extremist groups may be funded by the state,Extremism and terrorism are rejected by British society,Extremism is a private matter of no public concern,Extremism is tolerated as a form of free speech,B,"The handbook is explicit that British society does not tolerate extremism or terrorism. Freedom of speech is a genuine and valued freedom, but it has never extended to inciting violence, stirring up hatred against groups of people, or supporting terrorist causes, all of which are criminal offences. The values of democracy, the rule of law, individual liberty and mutual tolerance are incompatible with attempts to impose beliefs on others by force or intimidation. Applicants for citizenship must show that they are of good character, and involvement in extremist activity would defeat such an application. Rejecting extremism is therefore presented not as an optional opinion but as part of the shared framework of British public life."
26,Values and Principles,"Which of these is one of the things the UK offers to those who come to live there, according to the handbook?",Freedom from unfair discrimination,A guaranteed job on arrival,Free international travel,Exemption from jury service,A,"The handbook describes freedom from unfair discrimination as one of the things the United Kingdom offers to people who settle there. British law, principally the Equality Act, makes it unlawful to treat someone less favourably because of characteristics such as age, disability, sex, race, religion or belief, sexual orientation, marriage or civil partnership, pregnancy and maternity, or gender reassignment. The protection applies in employment, in education, in housing and in the provision of goods and services. Other things the handbook lists include freedom of belief and religion, freedom of speech, a right to a fair trial and a right to join in electing a government. Employment, jury service and travel are governed by entirely separate rules."
27,Values and Principles,What is the purpose of the 'good character' requirement for naturalisation?,To assess an applicant's religious devotion,To measure an applicant's level of education,To ensure applicants have respected the law and been honest with the authorities,To check an applicant's personal wealth,C,"Applicants for naturalisation as British citizens must satisfy the Home Office that they are of good character. In practice this means that they have obeyed the law, have not been involved in serious or persistent criminality, have paid the tax they owe, have complied with immigration rules, and have been truthful in their dealings with the authorities. Deception in an application, including cheating in the Life in the UK test, is treated very seriously. The requirement is not concerned with wealth, educational attainment or religious belief, all of which are irrelevant to it. It reflects the idea, running throughout the handbook, that rights and freedoms come paired with responsibilities towards the wider community."
28,Values and Principles,Participation in community life is described in the handbook as what?,An activity discouraged by the government,A legal obligation enforced by fines,A requirement only for citizens over 30,A fundamental principle of British life,D,"Participation in community life appears in the handbook's list of fundamental principles, alongside democracy, the rule of law, individual liberty and tolerance of those with different faiths and beliefs. Taking part might mean volunteering, helping at a school as a governor or reading assistant, joining a neighbourhood or residents' association, supporting a charity, serving as a magistrate or special constable, or simply being a good neighbour. None of this is compulsory and there is no penalty for those who do not take part. The handbook devotes attention to it because the strength of local communities in Britain has traditionally rested on voluntary effort rather than on direction from central government."
29,Values and Principles,Which of these is true about taking the oath at a citizenship ceremony?,A religious oath is compulsory for everyone,Only people born outside Europe take the oath,The oath must be taken in Latin,Those who prefer not to swear a religious oath may make a secular affirmation,D,"New citizens may choose between swearing a religious oath by Almighty God and making a solemn affirmation with no religious content. Both have exactly the same legal effect, so nobody is obliged to make a declaration that conflicts with their beliefs or lack of them. The choice reflects the freedom of belief and religion described elsewhere in the handbook. The words are spoken in English, or in Welsh or Scottish Gaelic where appropriate, and are followed by the pledge of loyalty to the United Kingdom. Every applicant who is granted citizenship through naturalisation and is aged eighteen or over attends a ceremony, whatever their country of origin."
30,Values and Principles,What does the handbook say about the relationship between rights and responsibilities?,Rights come with responsibilities towards others and the community,Rights are entirely separate from any duties,Rights can be earned only after ten years' residence,Responsibilities apply only to people born in the UK,A,"A consistent theme of the handbook's first chapter is that the freedoms and rights people enjoy in Britain are accompanied by responsibilities. The rights include freedom of belief and religion, freedom of speech, freedom from unfair discrimination, a fair trial and a say in electing the government. The matching responsibilities include respecting and obeying the law, respecting the rights and opinions of others, treating people with fairness, providing for yourself and your family, and looking after your local area and the environment. These duties are owed by everyone who makes their home in the country, not only by those born there, and they apply from the outset rather than after a qualifying period."
31,Values and Principles,Which of these may be accepted as proof that a person cannot take the test for health reasons?,A letter from an employer,A doctor's written confirmation of a long-term physical or mental condition,A statement from the applicant alone,A note written by a family member,B,"An applicant who has a long-term physical or mental condition that prevents them from taking the Life in the UK test or from meeting the English language requirement may be exempted, but the condition must be confirmed in writing by a doctor. The exemption is not available simply because someone finds the test difficult or is nervous about it, and a statement from the applicant, a relative or an employer will not suffice. The other automatic exemptions are based on age, covering applicants who are under 18 or aged 65 and over. Everyone else must pass the test and demonstrate their English, normally at level B1 of the Common European Framework."
32,Values and Principles,What should you do if you disagree with a law in the UK?,Campaign lawfully to have it changed,Ignore it until it is repealed,Apply to a foreign court to overturn it,Encourage others to break it,A,"The rule of law means obeying laws even when you disagree with them, but it does not mean accepting them in silence. Britain offers many lawful routes for changing the law: writing to your member of Parliament, signing or starting a petition, joining a campaign group or political party, taking part in peaceful demonstrations, writing to newspapers, and above all voting. Laws in the United Kingdom are made by Parliament, and pressure from voters and campaigners has repeatedly changed them over time. Encouraging others to break the law is itself an offence, and disagreement with a rule is never accepted as a defence in court. Peaceful persuasion is the constitutional alternative."
33,Values and Principles,Which of these best describes what happens immediately after you pass the Life in the UK test?,You receive a unique reference number to use in your immigration application,You are issued with a British passport,You automatically become a British citizen,You are given the right to vote in general elections,A,"Passing the test is only one step in a longer process. Successful candidates receive a notification letter with a unique reference number, which must be quoted in an application for settlement or naturalisation. The pass does not expire and does not have to be retaken for a later application. It does not, however, confer citizenship, a passport or voting rights by itself: those follow only if the Home Office grants the application, and in the case of naturalisation only after the applicant has attended a citizenship ceremony. Applicants must also meet the other requirements, including the English language standard, the residence conditions and the good character test."
34,Values and Principles,Which of these is a way of taking part in community life that the handbook encourages?,Avoiding all contact with local institutions,Declining to serve on a jury when summoned,Refusing to speak to neighbours,Volunteering for a local charity,D,"The handbook devotes attention to the many ways people can contribute to the communities in which they live. Suggestions include volunteering for charities, helping at a local school as a governor or a parent volunteer, joining a residents' or neighbourhood association, fundraising, assisting with youth organisations or sports clubs, and giving time to environmental projects. Such activity is voluntary, yet it is treated as an important part of British life because so many local services and organisations depend on it. Jury service, by contrast, is not voluntary at all: those summoned are legally required to attend unless they are excused, and ignoring a summons can lead to a fine."
35,Values and Principles,Which statement about the Life in the UK test is correct?,You may only ever attempt it twice,A failed attempt bars you from settlement permanently,"It can be retaken if you fail, on payment of a further fee",It is free of charge for all applicants,C,"Candidates who do not reach the pass mark may take the test again. There is no limit on the number of attempts, but each one must be booked separately and the fee paid again, and there is a short waiting period between sittings. Failing the test therefore costs time and money, but it does not damage an immigration application in itself, provided that a pass is eventually obtained before the application is submitted. The fee is not refundable in any circumstances, including where a candidate arrives without the right documents or fails to attend. This is why careful preparation and a check of the booking requirements before the day are worthwhile."
36,Values and Principles,The principles and values of the UK are based on which of these?,History and traditions developed over many centuries,A code issued by the European Union,A written constitution adopted in 1945,Rules laid down by the Church of England,A,"The handbook explains that the values and principles of British life are rooted in history and tradition and have been protected by law, custom and international agreement over a long period. Unlike many countries, the United Kingdom has no single written constitutional document; instead its constitution is found in Acts of Parliament, in decisions of the courts, and in conventions that have hardened into practice. Landmarks in that development include Magna Carta, the Bill of Rights of 1689 and successive Reform Acts widening the franchise. Because the arrangements grew up gradually rather than being designed at one moment, they can be changed by Parliament in the ordinary way, which makes the constitution notably flexible."
37,Values and Principles,Which of these does the handbook describe as part of being a good citizen?,Reporting neighbours for their religious beliefs,Avoiding paying tax where possible,Supporting only people from your own background,Treating others with fairness,D,"Treating other people with fairness is one of the responsibilities the handbook lists for everybody who settles in the United Kingdom, and it follows naturally from the principles of tolerance and freedom from unfair discrimination. Fairness in this sense means judging people by their conduct rather than by their background, religion, sex or race, and dealing honestly with those you live and work among. Discriminating in favour of people from your own community, or against those of a different faith, would contradict the values the chapter describes and might also be unlawful. Deliberately avoiding tax that is lawfully due can amount to a criminal offence and would count against an applicant's good character."
38,Values and Principles,Who is required to pass the Life in the UK test?,Only applicants from outside Europe,Most applicants for settlement or British citizenship,Everyone entering the UK as a visitor,All foreign students on arrival,B,"The test is a requirement for most people applying for indefinite leave to remain, that is settlement, or for naturalisation as a British citizen. It does not apply to visitors, to students on temporary study visas, or to workers who hold time-limited permission and are not yet applying to settle. Nationality is irrelevant to whether the requirement applies: an applicant from a European country must pass it on the same terms as anyone else. The exceptions are based on age, covering those under 18 and those aged 65 or over, and on long-term physical or mental conditions confirmed by a doctor. Applicants must generally also meet an English language requirement."
39,Values and Principles,What does the handbook say about the role of tolerance in a diverse society?,It applies only to religious minorities,It means never expressing disagreement,It allows people of different backgrounds to live together peacefully,It requires everyone to adopt the same beliefs,C,"Britain is a diverse society drawing together people of many national, ethnic and religious backgrounds, and tolerance is presented in the handbook as the principle that makes such a society work. Tolerance does not mean that everyone must think alike or that nobody may disagree; on the contrary, freedom of speech protects the expression of strongly held and competing views. What it does mean is accepting the right of others to live according to beliefs you do not share, refraining from harassment or abuse, and settling differences by argument rather than intimidation. The principle applies to everybody, whether they belong to a majority or a minority community, and is reinforced by laws against discrimination and hatred."
40,Values and Principles,Which of these is the correct order of steps for someone seeking British citizenship by naturalisation?,"Take the test, receive a passport, then apply","Meet the residence requirements, pass the test and English requirement, apply, then attend a ceremony","Apply, be granted citizenship, then take the test","Attend a ceremony, then apply and take the test",B,"The usual sequence begins with meeting the residence requirements, which generally means a qualifying period of lawful residence in the United Kingdom and, for most applicants, holding indefinite leave to remain for a period before applying. The applicant must then satisfy the knowledge requirements by passing the Life in the UK test and demonstrating English at the required level, unless exempt. Only then is the application for naturalisation submitted to the Home Office, together with the test reference number and evidence of good character. If the application succeeds, the applicant is invited to a citizenship ceremony, where the oath or affirmation and pledge are made and the certificate of citizenship is presented."
41,Values and Principles,What is the effect of the citizenship pledge on new citizens?,It commits them to upholding the UK's democratic values and observing its laws,It transfers their tax affairs to the Home Office,It obliges them to live in the UK for life,It requires them to serve in the armed forces,A,"In the pledge, a new citizen promises to give loyalty to the United Kingdom, to respect its rights and freedoms, to uphold its democratic values, to observe its laws faithfully and to fulfil the duties and obligations of a British citizen. It is a statement of civic commitment rather than a contract with practical conditions attached. It imposes no military obligation, since Britain has had no conscription since the years after the Second World War, and it does not prevent a citizen from living or working abroad. Tax liability depends on residence and income rather than on nationality, and is a matter for HM Revenue and Customs rather than the Home Office."
42,Values and Principles,Which of these best explains why the UK has laws against discrimination?,To limit the number of people who may work,To give preference to British-born workers,To restrict freedom of speech,To ensure people are not treated unfairly because of who they are,D,"Anti-discrimination law exists so that people are judged on their merits and conduct rather than on characteristics they cannot change or that are matters of private conscience. The Equality Act protects characteristics including age, disability, sex, race, religion or belief, sexual orientation, gender reassignment, marriage and civil partnership, and pregnancy and maternity. Employers, landlords, schools and businesses providing goods and services must not treat people less favourably on those grounds. This supports the freedom from unfair discrimination that the handbook lists among the things the United Kingdom offers. Far from restricting free expression, the law is intended to ensure that everyone can participate in public and working life on equal terms."
43,Values and Principles,Which of these is NOT one of the responsibilities listed for permanent residents in the handbook?,Respecting and obeying the law,Treating others with fairness,Looking after the environment,Attending a place of worship regularly,D,"The responsibilities the handbook lists are civic rather than religious: respecting and obeying the law, respecting the rights of others including their right to their own opinions, treating others with fairness, looking after yourself and your family, and looking after the area in which you live and the environment. Religious observance forms no part of that list. The United Kingdom guarantees freedom of belief and religion, which includes the freedom to practise no religion at all, and a large proportion of the population does not attend any place of worship. Requiring attendance would flatly contradict the principle of individual liberty that the same chapter identifies as fundamental."
44,Values and Principles,The Life in the UK test is taken in which format?,A written essay,Multiple-choice questions on a computer,A group discussion,A spoken interview with an official,B,"The test is a computer-based, multiple-choice examination taken under supervision at a registered test centre. Candidates answer 24 questions in 45 minutes, selecting from the options displayed on screen. Some questions ask the candidate to choose one correct answer from four options, while others present a statement and ask whether it is true or false, or ask for two correct answers from four. There is no essay, interview or oral component: spoken English is assessed separately through an approved speaking and listening qualification where that requirement applies. The result is produced automatically as soon as the test is submitted, and a notification letter is issued at the centre before the candidate leaves."
45,Values and Principles,Which of these is a benefit of British citizenship that settlement alone does not provide?,The right to work in the UK,The right to rent a home,The right to hold a British passport,The right to use the National Health Service,C,"People with indefinite leave to remain may live, work, study, rent property and use public services in the United Kingdom on much the same footing as citizens. What settlement does not give is a British passport, the right to vote in every election, or the ability to stand for public office. Settled status can also lapse if the holder spends a long period outside the country, whereas citizenship is not lost by living abroad. Citizenship is acquired by naturalisation or registration, normally after a period of settlement, and takes effect at the citizenship ceremony where the oath or affirmation and the pledge are made."
46,Values and Principles,Which value is reflected by the fact that a person may choose to affirm rather than swear at a citizenship ceremony?,The rule of law,Participation in community life,Freedom of belief and religion,Freedom of movement,C,"Allowing a secular affirmation in place of a religious oath is a practical expression of the freedom of belief and religion that the handbook lists among the things the United Kingdom offers. That freedom includes the right to practise any religion, to change religion and to hold no religious belief at all. The same principle explains why witnesses in court may affirm instead of swearing on a sacred text, and why religious observance is not required of public officials. It sits alongside tolerance of those with different faiths and beliefs, one of the fundamental principles of British life, and is supported by laws prohibiting discrimination on grounds of religion or belief."
47,Values and Principles,What is the main aim of the Life in the UK test?,To measure applicants' professional qualifications,To assess whether applicants can afford to live in the UK,To test applicants' physical fitness,"To check that applicants have a knowledge of British life, society and institutions",D,"The purpose of the test is to establish that people seeking settlement or citizenship have a sufficient knowledge of life in the United Kingdom, covering its values and traditions, its history, its society and culture, and the way its government and legal system work. The underlying idea is that this knowledge helps newcomers take a full part in the community and understand the rights and responsibilities they are taking on. It is assessed alongside, but separately from, the English language requirement. Financial resources, professional qualifications and health are dealt with, where relevant, by other parts of the immigration rules rather than by this test."
48,Values and Principles,Which of these actions would be inconsistent with the responsibility to look after the area in which you live?,Reporting a broken street light to the council,Joining a community clean-up day,Dropping litter in a public park,Recycling household waste,C,"Caring for your local area and the environment is one of the responsibilities the handbook sets out for people settling in the United Kingdom. In everyday terms it means disposing of rubbish properly, recycling where facilities exist, keeping noise and nuisance within reasonable limits, and reporting problems such as fly-tipping or faulty street lighting to the local council. Dropping litter runs directly against that responsibility and is also a criminal offence for which councils can issue fixed penalty notices. Many communities organise voluntary litter-picking days and conservation projects, which the handbook encourages as an example of participation in community life, another of the fundamental principles it lists."
49,Values and Principles,The right to join in the election of a government is described in the handbook as what?,A privilege reserved for property owners,A right limited to people born in the UK,One of the things the UK offers those who live there,A duty enforced by fines for non-voting,C,"The handbook lists a right to join in the election of a government among the things the United Kingdom offers. Voting in general elections is open to British citizens aged eighteen or over, and also to qualifying Commonwealth and Irish citizens resident in the country, which means it is not confined to those born in Britain. Property qualifications were abolished long ago: the extension of the vote from a narrow group of male landowners to all adults took place gradually through the Reform Acts of the nineteenth century and the legislation of the twentieth. Voting in Britain is not compulsory, and there is no penalty for choosing not to cast a ballot."
50,Values and Principles,Which of these is an acceptable form of identification for the Life in the UK test?,A student union card,A bank statement alone,A valid passport,A library card,C,"Candidates must bring photographic identification that appears on the accepted list, such as a valid passport, a biometric residence permit, a UK photocard driving licence or, in some cases, a travel document or an immigration status document with a photograph. The name on the identification must match the name used when booking. Separately, candidates must bring proof of the address they gave when booking, for example a recent utility bill or council tax bill, and a bank statement may serve that purpose but cannot replace the photographic identity document. Library cards and student cards are not accepted. Anyone arriving without the right documents loses the fee and must book again."
51,Values and Principles,Is the fee for the Life in the UK test refunded if a candidate fails?,"Yes, but only for a first attempt","Yes, the fee is returned in full","No, the fee is not refundable","Yes, half the fee is returned",C,"The fee paid when booking the test is not refundable in any circumstances. It is lost if the candidate fails, fails to attend, arrives too late to be admitted, or turns up without the photographic identification and proof of address required at the centre. Anyone who needs to sit the test again must make a fresh booking and pay the fee once more, and there is a short waiting period between attempts. Since there is no limit on the number of attempts, failing is not fatal to an immigration application, but each retake adds cost and delay. Thorough preparation and a careful check of the document requirements before the day are the surest ways of avoiding wasted money."
52,Values and Principles,Does the Life in the UK test differ depending on which part of the UK you live in?,"Yes, Scotland has a separate test","Yes, Wales has a separate test","Yes, Northern Ireland has a separate test","No, the same test is used throughout the UK",D,"A single test is used across the whole of the United Kingdom, and the questions are drawn from the same handbook wherever the candidate lives. This reflects the fact that nationality and immigration are matters reserved to the United Kingdom Parliament rather than devolved to Scotland, Wales or Northern Ireland. The handbook itself covers all four nations, describing the devolved administrations, the different legal systems, the patron saints and the distinct traditions of each. Candidates in Edinburgh, Cardiff, Belfast and London therefore face the same syllabus and the same pass mark of 75 per cent, and the resulting pass is valid for an application made anywhere in the country."
53,Values and Principles,Which of these is true of freedom of speech in the UK?,It requires government approval before publication,It applies only to journalists,It allows any statement whatever without limit,It does not protect speech that incites hatred or violence,D,"Freedom of speech is one of the freedoms the handbook lists, and it allows people to express opinions, criticise the government and take part in public debate without needing anyone's permission. There is no system of prior censorship for newspapers or broadcasters. The freedom nevertheless has legal limits: it is an offence to incite violence, to stir up hatred on grounds such as race or religion, to make threats, or to publish defamatory falsehoods about someone. These restrictions are set by Parliament and applied by the courts rather than by ministers. The freedom belongs to everyone, not only to the press, and it underpins the wider principle of individual liberty."
54,Values and Principles,Which of these is a fundamental principle of British life alongside democracy and the rule of law?,State control of the media,Hereditary entitlement to jobs,Individual liberty,Compulsory voting,C,"The handbook lists five fundamental principles: democracy, the rule of law, individual liberty, tolerance of those with different faiths and beliefs, and participation in community life. Individual liberty means that people may make their own decisions about how to live, what to believe and whom to associate with, provided they stay within the law and respect the rights of others. It is protected by an independent judiciary and by laws that limit the power of the state over private life. Britain has no compulsory voting, no state control of newspapers or broadcasters' editorial content, and no hereditary claim to ordinary jobs, all of which would sit badly with this principle."
55,Values and Principles,What is a citizenship ceremony certificate?,A record of the Life in the UK test result,The document presented confirming that a person has become a British citizen,A receipt for the naturalisation fee,A licence permitting work in the UK,B,"At the end of a citizenship ceremony, after the oath or affirmation of allegiance and the pledge of loyalty have been made, each new citizen is presented with a certificate of British citizenship. It is the formal proof that citizenship has been granted and is normally required when applying for a first British passport. Ceremonies are arranged by the local authority, usually within a few months of the application being approved, and guests are generally welcome. The national anthem is played and a local dignitary such as the mayor often presides. Citizenship takes legal effect at the ceremony, which is why attendance is compulsory for successful applicants aged eighteen and over."
56,Values and Principles,Which of these best describes the handbook's view of everyone's equality before the law?,The law applies equally to men and women and to people of every background,Religious communities may apply their own criminal law,Men and women are subject to different laws,Wealthy people are exempt from certain laws,A,"Equality before the law is a central part of the rule of law as the handbook describes it. The same criminal and civil law applies to everyone in the United Kingdom regardless of sex, race, religion, wealth or position, and there is no parallel system under which any community may administer its own criminal justice. Religious bodies may of course resolve matters of doctrine among willing members, but they cannot set aside the law of the land. The principle is reinforced by legislation prohibiting discrimination and by the independence of the judiciary, which allows the courts to rule against the government itself when it has exceeded its legal powers."
57,Values and Principles,What does the handbook suggest about learning English for those settling in the UK?,It helps people take a full part in society and is usually required for citizenship,It is relevant only to applicants under 30,It is required only of people intending to work,It is discouraged in areas where other languages are spoken,A,"A good command of English is treated as central to settling successfully, because it allows people to work, to deal with public services, to support their children's education and to take part in community life. Most applicants for settlement or naturalisation must demonstrate speaking and listening ability at level B1 of the Common European Framework, either by passing an approved test, by holding a degree taught in English, or by being a national of a majority English-speaking country. In Wales and Scotland the requirement may be satisfied through Welsh or Scottish Gaelic. Exemptions exist for applicants under 18, those aged 65 and over, and those with a long-term condition confirmed by a doctor."
58,Values and Principles,Which of these would be regarded as a failure to respect the rights of others?,Choosing not to attend a religious festival,Disagreeing publicly with a government policy,Supporting a political party you prefer,Harassing a neighbour because of their religion,D,"Respecting the rights of others, including their right to hold their own opinions and beliefs, is one of the responsibilities the handbook sets out. Harassing someone because of their religion breaches that responsibility and is also a criminal offence, since the law treats hostility based on race, religion, disability, sexual orientation or transgender identity as an aggravating feature of an offence. Disagreeing with government policy, declining to take part in a religious observance and supporting a political party are all protected exercises of freedom of speech, belief and association. The distinction the handbook draws is between expressing your own views, which is welcomed, and preventing others from living according to theirs."
59,Values and Principles,The handbook describes the UK as which kind of society?,A society closed to newcomers,A society in which everyone shares the same ancestry,A society organised around a single religion,A diverse society made up of people from many different backgrounds,D,"The handbook presents the United Kingdom as a long-standing and increasingly diverse society, shaped by waves of migration stretching from the Anglo-Saxons, Vikings and Normans through to Huguenot refugees, Jewish communities fleeing persecution, and post-war arrivals from the Caribbean, South Asia and elsewhere. That diversity is reflected in the range of religions practised, the languages heard and the festivals celebrated. The handbook links this directly to the principle of tolerance of those with different faiths and beliefs and to the legal protection against unfair discrimination. While the Church of England is established, freedom of religion is guaranteed and a large share of the population follows no religion at all."
60,Values and Principles,Which of these is an example of participating in community life?,Ignoring requests for help from neighbours,Avoiding local elections,Refusing to pay council tax,Becoming a school governor,D,"Participation in community life is one of the fundamental principles the handbook lists, and serving as a school governor is one of the examples it gives. Governors are volunteers who help set a school's strategic direction, oversee its budget and hold the head teacher to account. Other suggested routes include volunteering for charities, joining a residents' or neighbourhood association, helping with youth or sports clubs, taking part in environmental projects, serving as a magistrate or special constable, and simply helping neighbours. None of these is compulsory. Refusing to pay council tax, by contrast, is unlawful and can lead to enforcement action by the local authority through the magistrates' court."
61,Values and Principles,What is meant by saying the UK is a parliamentary democracy?,The public votes directly on every law,"Citizens elect representatives to Parliament, from which the government is drawn",Government ministers are chosen by the civil service,Parliament is appointed by the monarch,B,"In a parliamentary democracy the electorate chooses members of Parliament, and the government is formed from the party or coalition able to command the confidence of the elected House of Commons. The Prime Minister and most ministers are themselves members of Parliament and must answer to it, including at weekly question sessions and before select committees. This differs from a presidential system, where the head of government is elected separately, and from direct democracy, where citizens vote on individual laws. Referendums have been held in Britain on major constitutional questions, but they are the exception. The monarch appoints the Prime Minister by convention on the basis of the election result rather than by personal choice."
62,Values and Principles,"Which of these is a duty that can be legally enforced, rather than a voluntary contribution to community life?",Fundraising for a charity,Joining a neighbourhood watch scheme,Volunteering at a food bank,Serving on a jury when summoned,D,"Jury service is a legal obligation, not a voluntary activity. Adults on the electoral register within the qualifying age range may be summoned to serve, and those who ignore a summons without a good reason can be fined. Employers are required to release staff for service. The handbook treats jury service as an important civic duty because trial by jury places decisions about guilt in the hands of ordinary citizens rather than officials. Volunteering, fundraising and joining a neighbourhood watch scheme are genuinely voluntary; the handbook encourages them as ways of participating in community life, but nobody faces any penalty for choosing not to take part."
63,Values and Principles,Which chapter heading appears in the official handbook?,Travelling in the United Kingdom,The Economics of Modern Britain,A Long and Illustrious History,A Guide to British Business Law,C,"The handbook is divided into five main chapters: 'The Values and Principles of the UK', 'What is the UK?', 'A Long and Illustrious History', 'A Modern, Thriving Society' and 'The UK Government, the Law and Your Role'. The history chapter is the longest, running from early Britain through the Roman, Anglo-Saxon, Viking and Norman periods to the Middle Ages, the Tudors and Stuarts, the Georgian and Victorian eras, the two world wars and post-war Britain. Because test questions are drawn from every chapter, candidates cannot safely concentrate on one area, though the history and government chapters between them account for a large share of the material."
64,Values and Principles,What does the handbook say about British citizens' obligation to support themselves?,The state provides a full income regardless of circumstances,Only men are expected to provide for a household,People are expected to look after themselves and their families,Support is available only to those born in the UK,C,"Among the responsibilities listed for those settling permanently is looking after yourself and your family. The expectation is that people will work and provide for their dependants where they are able to do so, while the welfare system offers support to those who cannot, for instance through illness, disability, unemployment or old age. Access to benefits depends on residence, contributions and immigration status rather than on place of birth, and many people who have recently arrived have no recourse to public funds under the conditions of their visa. The responsibility falls on adults of either sex, consistent with the legal equality of men and women in Britain."
65,Values and Principles,Which of these best reflects the handbook's approach to newcomers taking part in British life?,Newcomers must abandon their own culture entirely,Newcomers are encouraged to integrate while retaining their own traditions,Newcomers are expected to avoid public life,Newcomers should live separately from established communities,B,"The handbook encourages people who settle in Britain to take a full part in the life of their community: to learn English, to work, to volunteer, to vote where eligible and to get to know their neighbours. At the same time, the principles of individual liberty and tolerance of different faiths and beliefs mean that nobody is required to abandon their own religion, language or customs. The picture drawn is of a society in which people of many backgrounds share a common framework of law and democratic values while retaining distinct traditions. Festivals from many cultures are widely celebrated in British cities, which the handbook cites as evidence of that diversity."
66,Values and Principles,Which of these correctly describes what happens if you fail the Life in the UK test?,You may book and pay for another attempt after a short waiting period,Your existing immigration permission is cancelled,You are limited to three attempts in total,You must wait a full year before reapplying,A,"A candidate who does not reach the pass mark of 75 per cent may simply book another attempt, paying the fee again, once a short waiting period has elapsed. There is no cap on the number of attempts and no requirement to wait a year. Failing the test does not affect any immigration permission the candidate already holds, because the test result is only relevant to an application for settlement or naturalisation, which cannot succeed until a pass has been obtained. The notification letter given at the test centre states the outcome, and successful candidates receive a unique reference number that must accompany their application to the Home Office."
67,Values and Principles,Why does the handbook describe respecting other people's opinions as important?,Because disagreement is unlawful,Because the government decides which opinions are acceptable,Because free debate and tolerance depend on accepting disagreement,Because opinions must always be kept private,C,"The handbook treats respect for the opinions of others as a responsibility that follows from the principles of individual liberty and tolerance. A democracy works by argument: policies are debated in Parliament, in the press and among neighbours, and voters choose between competing views at elections. That process only functions if people can express unpopular opinions without fear of harassment, and if those who disagree respond with counter-argument rather than intimidation. Nothing in the principle requires anyone to keep their views private or to agree with what they hear. The government has no power to license acceptable opinion, and disagreement is not merely lawful but essential to the system."
68,Values and Principles,Which of these is true about the UK's constitution?,It is not contained in a single written document,It can only be changed by referendum,It was written in 1707 and has not changed,It is set out in one code approved by the monarch,A,"The United Kingdom is unusual among modern states in having no single written constitution. Its constitutional rules are found in Acts of Parliament, in decisions of the courts, in historic documents such as Magna Carta and the Bill of Rights of 1689, and in conventions that are followed by custom rather than enforced by law. Because constitutional rules can be changed by ordinary legislation, the arrangement is flexible and has evolved continuously, taking in the union of the parliaments, the extension of the franchise, the reform of the House of Lords and devolution. Referendums have been used for some major questions but are not constitutionally required for change."
69,Values and Principles,Which of these is part of the handbook's description of a good neighbour?,Insisting that neighbours share your customs,Introducing yourself and respecting others' privacy and peace,Monitoring neighbours' religious practices,Reporting neighbours' political views to the council,B,"The handbook suggests practical ways of contributing to community life, and being a considerate neighbour is among the simplest. That means introducing yourself when you move in, keeping noise within reasonable limits, disposing of rubbish properly, helping people who are elderly or unwell, and respecting the privacy of those who live nearby. Conduct that amounts to harassment or persistent nuisance can lead to action by the local authority or the police, and in serious cases to a civil injunction. Scrutinising other people's beliefs or politics runs directly against the principles of individual liberty and tolerance that the same chapter identifies as fundamental to British life."
70,Values and Principles,The right to a fair trial in the UK includes which of these?,A guarantee of acquittal for first offences,The right to choose which judge hears the case,The presumption of innocence until guilt is proved,A trial conducted entirely in private,C,"A fair trial in the United Kingdom rests on several long-established features: the accused is presumed innocent until the prosecution proves guilt, the standard of proof in criminal cases is beyond reasonable doubt, the hearing is normally held in public before an independent and impartial court, the defendant may be legally represented, and serious criminal charges are tried by a jury of ordinary citizens. Defendants cannot select their own judge, and no offence carries a guaranteed acquittal. Courts may sit in private only in limited circumstances, for example to protect children or national security. These protections form part of the rule of law that the handbook lists among Britain's fundamental principles."
71,Values and Principles,Which of these is an appropriate description of the handbook's guidance on voting?,Voting is restricted to homeowners,Voting is compulsory for all adults,Voting is arranged by employers,"Voting is a right that people are encouraged, but not required, to exercise",D,"The handbook lists a right to join in the election of a government among the things Britain offers, and encourages people to use it as part of participating in community life. Voting is nonetheless entirely voluntary: unlike in some countries there is no fine for abstaining. To vote, a person must be on the electoral register, be aged eighteen or over on polling day, and hold a qualifying nationality, which for general elections means British, qualifying Commonwealth or Irish citizenship. Property qualifications disappeared with the reforms of the nineteenth and early twentieth centuries. Registration is arranged through the local authority, not through employers, and can be completed online."
72,Values and Principles,What does the handbook indicate about terrorism and those who support it?,Terrorism is a serious criminal offence and support for it is not tolerated,Support for terrorism abroad is lawful in the UK,Terrorism is treated as a political rather than criminal matter,Terrorism offences are dealt with by employers,A,"British law treats terrorism as a grave criminal matter. It is an offence not only to take part in terrorist acts but also to fund, encourage, prepare for or belong to a proscribed terrorist organisation, whether the intended target is in the United Kingdom or abroad. The handbook is explicit that extremism and terrorism have no place in British life and cannot be reconciled with the principles of democracy, the rule of law, individual liberty, tolerance and participation in community life. Anyone involved in such activity would fail the good character requirement for naturalisation, quite apart from facing prosecution. These are matters for the police and the courts, not for private bodies."
73,Values and Principles,Which of these is a reason the handbook gives for learning about British history and traditions?,It helps newcomers understand the society they are joining,It is required for obtaining a driving licence,It is needed to open a bank account,It determines the rate of tax a person pays,A,"The handbook explains that knowing something of the country's history, culture and institutions helps newcomers understand how modern Britain came to be as it is, from the development of parliamentary democracy and the common law to the customs and festivals that shape the calendar. That understanding is intended to make it easier to take a full part in community life and to appreciate the rights and responsibilities that come with settlement or citizenship. It is for this reason that the Life in the UK test draws so heavily on the history chapter. Driving licences, tax rates and bank accounts are governed by entirely separate rules unconnected with the test."
74,Values and Principles,Which of these statements about dual nationality and British citizenship is correct?,Dual nationality requires approval from the courts,Dual nationality is permitted only for Commonwealth citizens,New citizens must always renounce their previous nationality,The UK generally allows new citizens to keep another nationality,D,"The United Kingdom does not require people who naturalise as British citizens to give up any other nationality they hold, so dual or multiple citizenship is common. Whether the other nationality can in fact be retained depends on the law of that country, since some states automatically withdraw citizenship from nationals who acquire another. Applicants in that position sometimes have to choose. Nothing in the oath, affirmation or pledge made at a citizenship ceremony requires renunciation: the new citizen swears allegiance to the monarch and pledges loyalty to the United Kingdom, its democratic values and its laws. The courts play no part in the matter, which is decided by the Home Office."
75,Values and Principles,What is the effect of the principle that nobody is above the law?,Only private citizens can be prosecuted,Ministers may set aside court rulings,Government ministers and officials can be challenged in the courts,The police decide which laws apply to whom,C,"The rule of law binds those who govern as firmly as everyone else. If a minister, a government department, a local authority or another public body acts beyond its legal powers, its decision can be challenged by judicial review in the High Court and quashed. Ministers cannot override a court ruling; if they dislike the law as the courts have interpreted it, the remedy is to ask Parliament to change it. Police officers are similarly subject to the law and can be prosecuted or disciplined for misconduct, and complaints about them can be investigated by an independent body. This accountability is one reason the judiciary's independence is so carefully protected."
76,Values and Principles,Which of these best describes the tone of the UK's approach to religion in public life?,A ban on all religious observance in public,"Freedom to practise any religion or none, with an established church in England",Religious courts with power over criminal cases,A requirement to belong to the Church of England,B,"The United Kingdom guarantees freedom of belief and religion, which includes the freedom to change religion or to hold no religious belief at all. At the same time the Church of England is the established church in England, with the monarch as its Supreme Governor and some of its bishops sitting in the House of Lords. Scotland has a national church, the Church of Scotland, which is presbyterian and not established in the same way, while there is no established church in Wales or Northern Ireland. Religious bodies have no jurisdiction over criminal matters, which are reserved to the ordinary courts applying the law of the land."
77,Values and Principles,What must an applicant do with their Life in the UK test reference number?,Display it on their driving licence,Include it in their application for settlement or citizenship,Send it to their local council,Present it at the border on re-entry,B,"The notification letter issued at the test centre to a successful candidate contains a unique reference number, and that number must be quoted in the application for indefinite leave to remain or naturalisation so that the Home Office can verify the pass. The test result does not expire, so a pass obtained for a settlement application can be relied on again later when applying for citizenship, and there is no need to sit the test twice. Candidates should therefore keep the letter safe. The number has no role at the border, in dealings with the local council, or in connection with driving, all of which are governed by separate arrangements."
78,Values and Principles,Which of these is consistent with the responsibility to respect and obey the law?,Obeying only those laws passed since you arrived,Obeying the law only in public,Choosing which laws to obey according to conscience,Following the law while campaigning peacefully to change it,D,"Respecting and obeying the law is the first responsibility the handbook lists, and it applies to all laws, in private as well as in public, whenever they were enacted. The principle does not require silent acceptance: people are free to argue that a law is wrong, to petition Parliament, to join campaigns, to demonstrate peacefully and to vote for candidates who promise change. Many British laws have been altered in exactly that way. What is not open to anyone is the selective disobedience of laws they personally dislike, since that would undermine the rule of law, one of the fundamental principles on which the whole system rests."
79,Values and Principles,Which of these is generally required before a person can apply for naturalisation as a British citizen?,Ownership of property in the UK,A British-born parent,A period of lawful residence in the UK,Membership of a professional body,C,"Applicants for naturalisation must normally have lived lawfully in the United Kingdom for a qualifying period, have held indefinite leave to remain or settled status for a further period before applying, and have kept within limits on absences from the country. They must also be of good character, meet the English language requirement and pass the Life in the UK test unless exempt. Owning property is irrelevant, and so is membership of a professional body. A British parent may give a person a claim to citizenship by descent or by registration, but that is a different route altogether from naturalisation, which is designed for those without such a connection."
80,Values and Principles,What does the handbook say the UK expects of those who make it their permanent home?,That they support a particular political party,That they give up contact with their country of origin,That they work in a specified region,That they accept the responsibilities that come with the rights they gain,D,"The opening chapter is built around the idea that rights and responsibilities travel together. Those who settle gain freedoms of belief, speech and association, protection from unfair discrimination, a right to a fair trial and a voice in electing the government. In return they are expected to obey the law, respect the rights and opinions of others, treat people fairly, provide for themselves and their families, and look after their local area and the environment. Nothing in that bargain requires cutting ties with another country, adopting particular political loyalties, or living and working in a particular place; such requirements would contradict the individual liberty the chapter describes."
81,What is the UK,Which countries make up Great Britain?,"England, Scotland, Wales and Northern Ireland","England, Scotland and Northern Ireland","England, Scotland and Wales","England, Wales and Northern Ireland",C,"Great Britain is the name of the largest island of the British Isles and, in political terms, refers to England, Scotland and Wales together. Adding Northern Ireland gives the United Kingdom of Great Britain and Northern Ireland, which is the country's full official title. The distinction matters because the terms are often used loosely in everyday speech. The British Isles is a wider geographical expression taking in the island of Ireland as a whole, including the Republic of Ireland, which is an entirely separate sovereign state. The Channel Islands and the Isle of Man are not part of the United Kingdom at all, being Crown dependencies with their own governments."
82,What is the UK,What is the capital city of Scotland?,Dundee,Aberdeen,Edinburgh,Glasgow,C,"Edinburgh is Scotland's capital and the seat of the Scottish Parliament, which sits at Holyrood. The city is famous for its castle standing on volcanic rock above the centre, for the Royal Mile linking the castle to the Palace of Holyroodhouse, and for the Edinburgh Festival, the world's largest arts festival, held each summer. Glasgow is in fact the larger city by population and was a great shipbuilding and industrial centre, but it has never been the capital. The other capitals of the United Kingdom's nations are London for England and for the United Kingdom as a whole, Cardiff for Wales and Belfast for Northern Ireland."
83,What is the UK,What is the capital city of Wales?,Newport,Swansea,Cardiff,Bangor,C,"Cardiff has been the capital of Wales since 1955 and is home to the Senedd, the Welsh Parliament, which sits in Cardiff Bay. The city grew rapidly in the nineteenth century as a port exporting coal from the South Wales valleys, and it is now the largest city in Wales and its main administrative and cultural centre. Swansea and Newport are also substantial cities in south Wales but have never held capital status. Welsh and English are both official languages in Wales; Welsh is widely spoken, particularly in the north and west, road signs are bilingual, and the language is taught in schools throughout the country."
84,What is the UK,What is the capital city of Northern Ireland?,Lisburn,Armagh,Belfast,Londonderry,C,"Belfast is the capital of Northern Ireland and the seat of the Northern Ireland Assembly, which meets at Stormont. The city expanded enormously during the industrial revolution through linen manufacture, rope-making and shipbuilding; the liner Titanic was built in its Harland and Wolff shipyard. Londonderry, also known as Derry, is the second city and is noted for its intact seventeenth-century walls. Armagh, though much smaller, is the ecclesiastical capital of Ireland and the seat of both Anglican and Roman Catholic archbishops. Northern Ireland has its own devolved administration with responsibility for matters such as health, education, agriculture and the environment."
85,What is the UK,Which of these is a Crown dependency rather than part of the UK?,The Isle of Wight,Anglesey,The Isle of Man,Cornwall,C,"The Isle of Man, together with the Channel Islands of Jersey and Guernsey, is a Crown dependency. These territories are possessions of the Crown with their own governments, legislatures and legal systems, and they are not part of the United Kingdom, although the United Kingdom is responsible for their defence and international representation. The Isle of Man's parliament, Tynwald, is among the oldest continuous legislatures in the world. Cornwall, Anglesey and the Isle of Wight, by contrast, are all integral parts of the United Kingdom: Cornwall and the Isle of Wight lie within England, and Anglesey is an island county of north Wales."
86,What is the UK,Which of these is a British overseas territory?,The Isle of Man,The Falkland Islands,Guernsey,Jersey,B,"The Falkland Islands in the South Atlantic are one of the British overseas territories, a group that also includes Gibraltar, Bermuda, the Cayman Islands, St Helena, the Turks and Caicos Islands and others. These territories are linked to the United Kingdom but are not part of it, and most have a considerable degree of self-government while the United Kingdom retains responsibility for defence and foreign affairs. Jersey, Guernsey and the Isle of Man occupy a different constitutional category again: they are Crown dependencies, close to the British Isles, self-governing in domestic matters and never having been colonies. Neither group sends members to the United Kingdom Parliament."
87,What is the UK,Which crosses are combined in the Union Flag?,"The crosses of St George, St Andrew and St Patrick","The crosses of St George, St David and St Andrew","The crosses of St Andrew, St David and St Patrick","The crosses of St Patrick, St David and St George",A,"The Union Flag, popularly called the Union Jack, combines three crosses. The red cross of St George on a white ground represents England; the diagonal white cross of St Andrew on a blue ground represents Scotland; and the diagonal red cross of St Patrick on a white ground represents Ireland. Wales is not represented, because at the time the flag was first created Wales was already joined with England and had no separate symbol in the design. The Welsh flag, showing a red dragon on a green and white field, is flown widely in Wales and is one of the most distinctive national flags in Europe."
88,What is the UK,Who is the patron saint of Wales?,St George,St Andrew,St David,St Patrick,C,"St David is the patron saint of Wales, and his feast day, St David's Day, falls on 1 March. He was a sixth-century monk and bishop who founded monastic communities, and the cathedral city of St Davids in Pembrokeshire bears his name. The day is marked in Wales with concerts, school celebrations and the wearing of a daffodil or a leek, both national emblems. The other patron saints of the United Kingdom's nations are St George for England, whose day is 23 April, St Andrew for Scotland on 30 November, and St Patrick for Northern Ireland on 17 March. None of these days is a public holiday across the whole United Kingdom."
89,What is the UK,On which date is St George's Day celebrated?,30 November,17 March,1 March,23 April,D,"St George's Day, the national day of England, falls on 23 April. St George was a soldier in the Roman army, traditionally said to have been martyred for refusing to renounce his Christian faith, and the legend of his fight with a dragon became attached to him in the Middle Ages. His red cross on a white ground forms the English element of the Union Flag. The dates of the other national days are 1 March for St David in Wales, 17 March for St Patrick in Northern Ireland, and 30 November for St Andrew in Scotland. Only St Patrick's Day and St Andrew's Day are public holidays, and then only in their own nations."
90,What is the UK,What is the currency of the UK?,The euro,The pound sterling,The crown,The British dollar,B,"The currency of the United Kingdom is the pound sterling, written with the symbol £ and divided into 100 pence. Coins in circulation include 1p, 2p, 5p, 10p, 20p, 50p, £1 and £2, and banknotes are issued in denominations of £5, £10, £20 and £50. The United Kingdom did not adopt the euro when the single currency was introduced and retained its own money throughout its membership of the European Union. Some banks in Scotland and Northern Ireland issue their own banknotes, which are valid throughout the United Kingdom, although retailers elsewhere are sometimes unfamiliar with them and are not obliged to accept them."
91,What is the UK,How many pence are there in a pound?,100,240,20,50,A,"The pound sterling is divided into 100 pence. This decimal system was introduced on Decimal Day in February 1971, replacing the older arrangement under which a pound was divided into twenty shillings and each shilling into twelve pence, making 240 pence to the pound. The change simplified everyday calculation and brought British money into line with the decimal currencies used in most of the world. Coins today run from 1p to £2, and the abbreviation 'p' is used in speech as well as writing, so a price may be quoted as fifty p. Banknotes are issued in denominations of £5, £10, £20 and £50."
92,What is the UK,"Which languages, other than English, are officially recognised in parts of the UK?","Welsh, Scottish Gaelic and Irish","Latin, Cornish and Norse","Dutch, Flemish and Breton","French, German and Spanish",A,"English is spoken throughout the United Kingdom, but other languages have official recognition in particular nations. Welsh has official status in Wales, where public bodies provide bilingual services, road signs are in both languages and the language is taught in schools. Scottish Gaelic is spoken mainly in the Highlands and Islands and is supported by legislation in Scotland, while Scots is also widely used. In Northern Ireland, Irish and Ulster Scots are recognised. Cornish has been revived by enthusiasts in Cornwall and receives some official support. The presence of these languages reflects the distinct histories and cultures of the four nations within a single state."
93,What is the UK,What is the full official name of the country?,The United Kingdom of Great Britain and Northern Ireland,The British Isles Federation,The Republic of Great Britain,"The United Kingdom of England, Scotland and Wales",A,"The country's full official title is the United Kingdom of Great Britain and Northern Ireland. Great Britain covers England, Scotland and Wales, and Northern Ireland is named separately because it lies on the island of Ireland. The name dates from 1922, when the greater part of Ireland left to become the Irish Free State and eventually the Republic of Ireland, while six northern counties remained within the union. Before that the state had been the United Kingdom of Great Britain and Ireland, created by the Act of Union of 1800. The British Isles is a geographical term rather than a political one and includes the Republic of Ireland."
94,What is the UK,Which of these statements about Scottish banknotes is correct?,"Some Scottish banks issue their own banknotes, valid across the UK",Only the Bank of England may issue banknotes anywhere in the UK,Scottish banknotes may only be used in Scotland,Scotland uses a separate currency from the rest of the UK,A,"Scotland and Northern Ireland both have banks that issue their own banknotes, a survival of older banking arrangements. These notes are denominated in pounds sterling, are backed by deposits with the Bank of England and are valid throughout the United Kingdom. In practice, shops in England sometimes hesitate to accept them out of unfamiliarity, and no trader anywhere is legally obliged to accept any particular form of payment. Scotland does not have a separate currency: the pound sterling is used across the whole United Kingdom. The Bank of England is the central bank and the sole issuer of notes in England and Wales."
95,What is the UK,The Channel Islands consist mainly of which two bailiwicks?,Jersey and the Isle of Man,Guernsey and Anglesey,Jersey and the Isle of Wight,Jersey and Guernsey,D,"The Channel Islands lie off the north-west coast of France and are made up principally of the bailiwicks of Jersey and Guernsey, the latter including Alderney, Sark and Herm. They are Crown dependencies rather than part of the United Kingdom, with their own parliaments, laws and tax systems, though the United Kingdom handles their defence and international relations. Their constitutional link to the Crown descends from the Duchy of Normandy. The Isle of Man, in the Irish Sea, is a separate Crown dependency with its own ancient parliament, Tynwald. The Isle of Wight and Anglesey, by contrast, are ordinary parts of England and Wales respectively."
96,What is the UK,Which nation of the UK has the largest population?,Wales,England,Northern Ireland,Scotland,B,"England is by a wide margin the most populous of the four nations, accounting for roughly five out of every six people in the United Kingdom. Scotland comes next, followed by Wales and then Northern Ireland, which is the smallest both in area and in population. This imbalance helps explain the shape of British political institutions: the United Kingdom Parliament at Westminster has a large majority of members representing English constituencies, while Scotland, Wales and Northern Ireland each have devolved bodies handling many domestic matters. Population is concentrated in the south-east of England and in the industrial conurbations around cities such as Birmingham, Manchester, Leeds and Glasgow."
97,What is the UK,Which of these best describes the Republic of Ireland's relationship to the UK?,It is a part of the United Kingdom,"It is a separate, independent country",It is a Crown dependency,It is a British overseas territory,B,"The Republic of Ireland is an independent sovereign state occupying most of the island of Ireland, with its capital at Dublin. It left the United Kingdom in stages during the twentieth century, becoming the Irish Free State after 1922 and later a republic. Northern Ireland, made up of six counties in the north-east of the island, remained part of the United Kingdom. Relations between the two states are close: there is a Common Travel Area allowing free movement, and Irish citizens living in the United Kingdom may vote in elections there and are not treated as foreign nationals for many purposes. Both were members of the European Union until the United Kingdom's departure."
98,What is the UK,On which date is St Andrew's Day celebrated?,30 November,17 March,1 March,23 April,A,"St Andrew's Day falls on 30 November and is Scotland's national day. St Andrew was one of the apostles, and his diagonal white cross on a blue field, known as the saltire, is the flag of Scotland and forms part of the Union Flag. The day is an official bank holiday in Scotland, though not everyone takes it off work, and it is marked with music, dancing and traditional food. Scotland also celebrates Burns Night on 25 January in honour of the poet Robert Burns, and Hogmanay, the new year celebration, which is among the most famous in the world."
99,What is the UK,Which of these is NOT part of the United Kingdom?,The Republic of Ireland,Scotland,Wales,Northern Ireland,A,"The United Kingdom consists of England, Scotland, Wales and Northern Ireland. The Republic of Ireland is an entirely separate sovereign state with its own government, president and parliament, and has not been part of the United Kingdom since the 1920s. Confusion arises because the two countries share an island border and a long, entangled history, and because the geographical term 'British Isles' covers both. Also outside the United Kingdom are the Crown dependencies of Jersey, Guernsey and the Isle of Man, and the British overseas territories such as Gibraltar and the Falkland Islands, all of which are linked to the Crown without forming part of the country."
100,What is the UK,Which flag represents Scotland?,A white diagonal cross on a blue background,A red dragon on a green and white background,A red cross on a white background,A red diagonal cross on a white background,A,"Scotland's flag is the saltire, a white diagonal cross of St Andrew on a blue field, and it is among the oldest national flags still in use. It forms the blue and white diagonal element of the Union Flag. The red cross on white is the cross of St George, the flag of England, and the red diagonal cross on white is the cross of St Patrick, representing Ireland in the union design. The red dragon on a green and white ground is the flag of Wales, which does not appear in the Union Flag because Wales was already united with England when the design was first created."
101,What is the UK,What appears on the national flag of Wales?,A golden harp,A red dragon,A blue saltire,A white rose,B,"The flag of Wales shows a red dragon passant on a field divided horizontally into white above and green below. The dragon has been associated with Wales since at least the early Middle Ages and was used as a badge by Welsh princes and later by the Tudor dynasty, whose founder Henry VII was of Welsh descent. The green and white are the Tudor livery colours. Because Wales was legally joined with England before the Union Flag was designed, the Welsh dragon has never been incorporated into it, a point that is still occasionally raised in debate. Other Welsh emblems include the daffodil and the leek."
102,What is the UK,The Welsh Parliament is known by which name?,The Dáil,The Assembly of Wales,The Senedd,Tynwald,C,"The devolved legislature of Wales is the Senedd, formally the Senedd Cymru or Welsh Parliament, which sits in a modern building in Cardiff Bay. It was established by devolution at the end of the twentieth century as the National Assembly for Wales and was later renamed, with its law-making powers extended over time. It legislates on devolved subjects such as health, education, housing, transport and the Welsh language, while matters like defence, foreign policy, immigration and most taxation remain with the United Kingdom Parliament. Tynwald is the parliament of the Isle of Man, and the Dáil is the lower house of the parliament of the Republic of Ireland."
103,What is the UK,Where does the Scottish Parliament sit?,Stormont in Belfast,George Square in Glasgow,Westminster in London,Holyrood in Edinburgh,D,"The Scottish Parliament sits at Holyrood in Edinburgh, in a distinctive modern building opened in 2004 near the Palace of Holyroodhouse. It was re-established by devolution legislation at the end of the 1990s, nearly three centuries after the old Scottish Parliament was dissolved by the Act of Union of 1707. Its members, known as MSPs, are elected by a system combining constituency votes with regional list seats. It legislates on devolved matters including health, education, justice, policing and much of local government. Stormont is the home of the Northern Ireland Assembly, and Westminster houses the United Kingdom Parliament. The First Minister heads the Scottish Government, which is drawn from and answerable to that Parliament."
104,What is the UK,The Northern Ireland Assembly meets at which building?,Stormont,Leinster House,Holyrood,The Senedd,A,"The Northern Ireland Assembly meets at Parliament Buildings at Stormont, on the outskirts of Belfast. The Assembly was created under the Belfast Agreement, also called the Good Friday Agreement, of 1998, and operates on a power-sharing basis designed to ensure that both unionist and nationalist communities take part in government. It handles devolved matters such as health, education, agriculture and the environment. Its work has been suspended at various points when power-sharing broke down, with departments then administered directly from London. Holyrood houses the Scottish Parliament, the Senedd is in Cardiff, and Leinster House is the seat of the Irish parliament in Dublin."
105,What is the UK,Which of these is a British overseas territory in the Mediterranean?,Gibraltar,Cyprus,Corsica,Malta,A,"Gibraltar, a small territory at the southern tip of the Iberian peninsula guarding the entrance to the Mediterranean, is a British overseas territory. It was ceded to Britain by Spain under the Treaty of Utrecht in 1713 and has remained British since, with its own government handling domestic affairs while the United Kingdom is responsible for defence and foreign relations. Its inhabitants have repeatedly voted by overwhelming margins to remain British. Malta and Cyprus were both once under British rule but are now independent members of the Commonwealth and of the European Union, and Corsica is a region of France with no British connection."
106,What is the UK,What term describes the group of islands including Great Britain and Ireland?,The Commonwealth,The Channel Islands,The Crown dependencies,The British Isles,D,"The British Isles is a geographical term for the archipelago off the north-west coast of continental Europe, taking in Great Britain, the whole island of Ireland, the Isle of Man, the Channel Islands and thousands of smaller islands. It is a description of geography rather than of political allegiance, which is why it includes the independent Republic of Ireland. The Channel Islands are a specific group near the French coast, the Crown dependencies are the three self-governing possessions of Jersey, Guernsey and the Isle of Man, and the Commonwealth is a voluntary association of more than fifty states spread across the world."
107,What is the UK,Which sea separates Great Britain from Ireland?,The English Channel,The Celtic Sea,The North Sea,The Irish Sea,D,"The Irish Sea lies between the island of Great Britain and the island of Ireland, with the Isle of Man sitting in the middle of it. Ferries cross it regularly between ports such as Holyhead and Dublin, or Liverpool and Belfast. The North Sea lies to the east of Great Britain, separating it from Scandinavia and the Low Countries, and is the source of much of the United Kingdom's oil and gas. The English Channel runs along the south coast, separating England from France and narrowing to the Strait of Dover, beneath which the Channel Tunnel was opened in 1994."
108,What is the UK,The Channel Tunnel connects the UK to which country?,The Netherlands,Ireland,Belgium,France,D,"The Channel Tunnel runs beneath the English Channel between Folkestone in Kent and Coquelles near Calais in France, and it opened in 1994 after several years of construction. It carries high-speed passenger trains, through services for cars and lorries loaded onto shuttle trains, and freight. The tunnel gave Britain its first fixed link to the European mainland, an idea that had been proposed and abandoned repeatedly since the nineteenth century. Journey times between London and Paris or Brussels fell sharply as a result. Belgium and the Netherlands are reached by onward rail connections or by ferry, and Ireland has no fixed link with Great Britain."
109,What is the UK,Which of these statements about the Isle of Man is correct?,It is a British overseas territory,It is part of Scotland,It has its own parliament and is not part of the UK,It is a county of England,C,"The Isle of Man, in the middle of the Irish Sea, is a self-governing Crown dependency. It has its own parliament, Tynwald, which claims to be among the oldest continuously functioning legislatures in the world, and it makes its own laws on domestic matters including taxation. It is not part of the United Kingdom and sends no members to the Westminster Parliament, although the United Kingdom is responsible for its defence and for representing it internationally. The overseas territories, such as Gibraltar and the Falkland Islands, form a separate category of British-linked jurisdictions, generally much further afield and with origins in the colonial era."
110,What is the UK,Which city is the capital of both England and the United Kingdom?,Manchester,Birmingham,London,York,C,"London is the capital of England and of the United Kingdom as a whole, and it is the seat of the United Kingdom Parliament at Westminster, of the government, and of the courts of final appeal. It is by far the largest city in the country and one of the world's leading financial centres. Its landmarks include the Palace of Westminster with the clock tower housing Big Ben, the Tower of London, Buckingham Palace and St Paul's Cathedral. Birmingham and Manchester are major cities that grew during the industrial revolution, and York was an important Roman, Viking and medieval centre and remains the seat of the Archbishop of York."
111,What is the UK,Approximately what proportion of the UK's population lives in England?,About 60 per cent,About 50 per cent,About 95 per cent,About 84 per cent,D,"England contains roughly 84 per cent of the United Kingdom's population, with Scotland accounting for about 8 per cent, Wales about 5 per cent and Northern Ireland about 3 per cent. The total population of the United Kingdom has risen over recent decades and is now in the region of 67 million. Growth has come from both natural increase and migration, and the population is ageing as life expectancy rises and birth rates fall. The distribution explains why English constituencies dominate the House of Commons and why devolution was introduced to give Scotland, Wales and Northern Ireland separate control over many domestic matters."
112,What is the UK,Which of these is an emblem associated with England?,The daffodil,The thistle,The shamrock,The rose,D,"The rose is the national emblem of England, a symbol that descends from the Wars of the Roses between the houses of Lancaster and York and the combined Tudor rose that followed their union. Scotland's emblem is the thistle, a prickly plant said by legend to have betrayed a night attack by barefoot invaders. Wales is represented by the daffodil and the leek, both worn on St David's Day. The shamrock, a three-leaved plant associated with St Patrick's explanation of the Trinity, represents Ireland and Northern Ireland. These emblems appear on coins, sporting shirts and official badges throughout the United Kingdom."
113,What is the UK,Which of these is the national emblem of Scotland?,The thistle,The shamrock,The rose,The leek,A,"The thistle is Scotland's national emblem and appears on everything from coins and regimental badges to the shirts of national sports teams. Tradition holds that a Norse raiding party attempting a surprise night attack on a Scottish camp gave itself away when a barefoot warrior trod on a thistle and cried out, though the story is almost certainly legend rather than history. The Order of the Thistle is Scotland's highest order of chivalry. The rose belongs to England, the leek and daffodil to Wales, and the shamrock to Ireland, so each nation of the United Kingdom has its own distinct floral symbol."
114,What is the UK,What is the highest mountain in the United Kingdom?,Ben Nevis,Slieve Donard,Scafell Pike,Snowdon,A,"Ben Nevis, in the Scottish Highlands near Fort William, is the highest mountain in the United Kingdom, rising to roughly 1,345 metres. Each nation has its own highest peak: Snowdon, or Yr Wyddfa, is the highest in Wales, Scafell Pike in the Lake District is the highest in England, and Slieve Donard in the Mourne Mountains is the highest in Northern Ireland. Climbing all four, or completing the Three Peaks challenge of Ben Nevis, Scafell Pike and Snowdon within twenty-four hours, is a popular fundraising activity. The mountainous regions of Britain attract large numbers of walkers and climbers throughout the year."
115,What is the UK,Which of these is the longest river in the United Kingdom?,The Mersey,The Thames,The Severn,The Trent,C,"The River Severn is the longest river in the United Kingdom, rising in the Welsh mountains and flowing through Shropshire, Worcestershire and Gloucestershire before entering the Bristol Channel. Its estuary has one of the largest tidal ranges in the world, producing the Severn bore, a wave that travels upstream and is ridden by surfers. The Thames is shorter but far better known, flowing through Oxford, Reading and London to the North Sea. The Trent drains much of the Midlands, and the Mersey flows past Liverpool. Britain's rivers were central to the growth of industry and trade before the railway age."
116,What is the UK,Which of these best describes the UK's climate?,"Temperate, with mild temperatures and rain throughout the year","Continental, with very hot summers and freezing winters","Arid, with little rainfall","Tropical, with a distinct monsoon season",A,"The United Kingdom has a temperate maritime climate, shaped by its position in the Atlantic and by the warming influence of the Gulf Stream. Temperatures are moderate by the standards of comparable latitudes, extremes of heat and cold are relatively rare, and rain falls in every month of the year. Weather is famously changeable, with conditions varying from day to day and from one region to another; the west and the uplands are considerably wetter than the east and south-east. The mildness of the climate has historically supported year-round grazing and a varied agriculture, and the weather remains a staple of everyday British conversation."
117,What is the UK,Which of these is an official language in Wales alongside English?,Ulster Scots,Cornish,Welsh,Scottish Gaelic,C,"Welsh is an official language in Wales, with a legal status requiring public bodies to provide services in it and to display bilingual signage. It is a Celtic language, closely related to Cornish and Breton, and it has been spoken in Britain for far longer than English. After a long decline it has been strengthened by Welsh-medium schooling, by broadcasting including the television channel S4C, and by supportive legislation, and the number of speakers is now substantial, especially in the north and west. Scottish Gaelic is spoken chiefly in the Highlands and Islands of Scotland, Ulster Scots is recognised in Northern Ireland, and Cornish has been revived in Cornwall."
118,What is the UK,Which of these statements about the Crown dependencies is correct?,They are self-governing and not represented in the UK Parliament,They use a separate currency unrelated to sterling,They elect members to the House of Commons,They are administered directly by the Home Office,A,"Jersey, Guernsey and the Isle of Man are Crown dependencies: possessions of the Crown that govern themselves in domestic matters, including taxation, and that pass their own laws through their own legislatures. They are not part of the United Kingdom and send no members to the House of Commons, though the United Kingdom government is responsible for their defence and for representing them internationally. Each issues its own notes and coins, but these are denominated in pounds and are tied to sterling rather than forming an independent currency. Their distinct status is a survival of medieval constitutional arrangements rather than a modern creation."
119,What is the UK,Which nation of the UK is the smallest by population?,Scotland,England,Wales,Northern Ireland,D,"Northern Ireland has the smallest population of the four nations, at roughly 3 per cent of the United Kingdom total, followed by Wales at about 5 per cent and Scotland at about 8 per cent, with England accounting for the remaining 84 per cent or so. Northern Ireland is also the smallest in area, comprising six counties in the north-east of the island of Ireland, with Belfast as its capital. Despite its size it has a distinct political settlement, including a power-sharing Assembly at Stormont established under the Belfast Agreement of 1998, and its own legal system separate from those of England and Wales and of Scotland."
120,What is the UK,What is the popular name for the Union Flag?,The White Ensign,The Royal Standard,The Saltire,The Union Jack,D,"The Union Flag is widely known as the Union Jack, a name whose origin is debated but which may derive from its use as a jack, a small flag flown at the bow of a ship. It combines the crosses of St George for England, St Andrew for Scotland and St Patrick for Ireland. The Royal Standard is a different flag entirely, flown to indicate the monarch's presence. The Saltire is Scotland's own flag, the white diagonal cross on blue. The White Ensign is flown by ships of the Royal Navy. The Union Flag is used across the United Kingdom and appears in the corner of several other countries' flags."
121,What is the UK,Which of these cities is in Scotland?,Swansea,Norwich,Derry,Aberdeen,D,"Aberdeen is a Scottish city on the north-east coast, known as the Granite City for its grey stone architecture and as the centre of the North Sea oil and gas industry. Other major Scottish cities include Glasgow, Edinburgh, Dundee, Inverness, Stirling and Perth. Swansea lies on the south coast of Wales, Norwich is in the English county of Norfolk, and Derry, also called Londonderry, is Northern Ireland's second city, famous for its well-preserved seventeenth-century walls. Knowing which cities belong to which nation is useful background for the test, since the handbook refers to places throughout the United Kingdom when describing its history and culture."
122,What is the UK,Which body is responsible for the defence of the Crown dependencies?,NATO alone,The European Union,Each dependency's own armed forces,The UK government,D,"Although Jersey, Guernsey and the Isle of Man govern themselves in domestic matters, the United Kingdom government is responsible for their defence and for representing them in international affairs. None of them maintains its own armed forces. The arrangement leaves the dependencies free to set their own taxes, pass their own legislation and run their own courts, while relying on the United Kingdom for protection and diplomatic representation. A broadly similar arrangement applies to the British overseas territories such as Gibraltar and the Falkland Islands, where the United Kingdom handles defence and foreign policy while local governments deal with internal affairs."
123,What is the UK,Which of these describes the position of the Church of England?,"It is the established church in England, with the monarch as its Supreme Governor",It is the established church throughout the United Kingdom,It has no connection with the state,It is governed by the Prime Minister,A,"The Church of England is the established church in England, meaning it has a formal constitutional role: the monarch is its Supreme Governor, and a number of its bishops sit in the House of Lords as the Lords Spiritual. Its position dates from the Reformation under Henry VIII, when the English church broke with Rome. Establishment does not extend across the whole United Kingdom: the Church of Scotland is a national presbyterian church but is not established in the same way, and there is no established church in Wales or Northern Ireland. Freedom of religion is guaranteed for everyone, whatever their faith or lack of it."
124,What is the UK,On which date is St Patrick's Day celebrated?,23 April,17 March,1 March,30 November,B,"St Patrick's Day, on 17 March, honours the patron saint of Ireland and is a public holiday in Northern Ireland as well as in the Republic of Ireland. St Patrick was a fifth-century missionary traditionally credited with bringing Christianity to Ireland, and the shamrock he is said to have used to explain the Trinity remains the day's emblem. It is celebrated enthusiastically by people of Irish descent around the world, with parades in cities from New York to Sydney. The other national days of the United Kingdom are St David's Day on 1 March, St George's Day on 23 April and St Andrew's Day on 30 November."
125,What is the UK,Which of these is true of the UK's system of government across its four nations?,"Scotland, Wales and Northern Ireland have devolved administrations",England has its own separate parliament,All four nations are governed solely from Westminster,Each nation has a fully independent government,A,"Devolution has given Scotland, Wales and Northern Ireland their own legislatures and executives with responsibility for many domestic matters, including health, education and aspects of transport and the environment. Powers vary between them, with Scotland holding the widest range. England has no separate parliament of its own; matters affecting England alone are decided by the United Kingdom Parliament at Westminster, which also legislates for the whole country on reserved subjects such as defence, foreign affairs, immigration and most taxation. The four nations are therefore neither independent states nor governed identically, which is a distinctive feature of the British constitutional arrangement."
126,What is the UK,Which of these is a well-known Scottish celebration held on 25 January?,Burns Night,Up Helly Aa,St Andrew's Day,Hogmanay,A,"Burns Night, held on 25 January, celebrates the birthday of Robert Burns, Scotland's national poet, who died in 1796. The evening traditionally involves a supper at which haggis is piped in and addressed with Burns's poem 'Address to a Haggis', accompanied by readings of his work, speeches and whisky. Hogmanay is the Scottish new year celebration on 31 December, famous for its street parties and for the singing of 'Auld Lang Syne', another of Burns's works. St Andrew's Day falls on 30 November, and Up Helly Aa is a fire festival with Viking themes held in Shetland in midwinter. Burns is remembered above all for poems and songs composed in Scots, among them 'Tam o' Shanter'."
127,What is the UK,What is the Common Travel Area?,A scheme allowing visa-free entry from any Commonwealth country,An arrangement allowing free movement between the UK and Ireland,A duty-free shopping area in airports,A customs zone covering the whole European Union,B,"The Common Travel Area is a long-standing arrangement between the United Kingdom and the Republic of Ireland, also covering the Crown dependencies, under which citizens of the two countries may travel freely between them without passport controls and may live, work and access services in either. It predates both countries' membership of the European Union and survived the United Kingdom's departure from it. Irish citizens living in the United Kingdom are not treated as foreign nationals for many purposes and may vote in United Kingdom elections. The arrangement reflects the exceptionally close historical, family and economic ties between the two neighbouring states."
128,What is the UK,Which of these islands lies off the south coast of England?,The Isle of Man,The Isle of Wight,Orkney,Anglesey,B,"The Isle of Wight lies in the English Channel off the coast of Hampshire, separated from the mainland by the Solent, and is a county of England in its own right. It is known for sailing, particularly the Cowes regatta, and for Osborne House, the seaside residence built for Queen Victoria and Prince Albert. The Isle of Man sits in the Irish Sea and is a self-governing Crown dependency rather than part of the United Kingdom. Orkney is an archipelago off the north coast of Scotland, rich in prehistoric remains such as Skara Brae, and Anglesey is a large island off the north-west coast of Wales."
129,What is the UK,The UK is made up of how many countries?,Two,Four,Five,Three,B,"The United Kingdom consists of four countries: England, Scotland, Wales and Northern Ireland. England, Scotland and Wales together form Great Britain, the largest island of the group, while Northern Ireland occupies the north-eastern corner of the island of Ireland. Each nation has its own traditions, patron saint, national emblem and sporting teams, and three of them now have devolved legislatures handling many domestic matters. The union was assembled over centuries: Wales was joined to England by legislation in the sixteenth century, the crowns of England and Scotland united in 1603 and their parliaments in 1707, and the Irish union followed in 1800."
130,What is the UK,Which of these is the name of Scotland's national church?,The Church of England,The Church of Scotland,The Free Church of Ireland,The Presbyterian Church of Wales,B,"The Church of Scotland, often called the Kirk, is Scotland's national church. It is presbyterian in structure, meaning it is governed by elders and assemblies rather than by bishops, and its supreme court is the General Assembly, which meets annually in Edinburgh. Although it is the national church, it is not established in the same sense as the Church of England, and the monarch is not its Supreme Governor but is represented at the General Assembly by a Lord High Commissioner. The distinction dates from the Reformation in Scotland, which took a different path from that in England, and was preserved by the Act of Union."
131,What is the UK,What is the approximate population of the United Kingdom?,About 120 million,About 45 million,About 67 million,About 20 million,C,"The United Kingdom's population is in the region of 67 million people, having grown steadily over recent decades through both natural increase and net migration. England accounts for roughly 84 per cent of that total, Scotland about 8 per cent, Wales about 5 per cent and Northern Ireland about 3 per cent. The population is ageing as life expectancy rises and birth rates fall, which has implications for pensions, healthcare and the workforce. It is unevenly distributed, being concentrated in London and the south-east and in the large urban areas that grew during the industrial revolution, while much of Scotland and Wales remains sparsely populated."
132,What is the UK,Which of these is a British overseas territory in the Caribbean?,Barbados,Jamaica,The Cayman Islands,The Bahamas,C,"The Cayman Islands are a British overseas territory in the Caribbean, as are Anguilla, Montserrat, the British Virgin Islands and the Turks and Caicos Islands. These territories are linked to the United Kingdom but are not part of it, and most run their own internal affairs while the United Kingdom handles defence and foreign relations. Jamaica, Barbados and the Bahamas were all once British colonies but became independent sovereign states during the twentieth century, and all three remain members of the Commonwealth. The difference between an overseas territory and an independent Commonwealth country is therefore one of constitutional status rather than history."
133,What is the UK,Which of these best describes where most of the UK's population is concentrated?,"In cities and towns, particularly in England's south-east and former industrial areas",Mainly in the Scottish Highlands,Mostly in coastal villages,Evenly spread across all rural areas,A,"The United Kingdom is a highly urbanised country, with the great majority of its people living in towns and cities. The largest concentration is in London and the south-east of England, and there are further dense populations in the conurbations that grew during the industrial revolution, around Birmingham, Manchester, Liverpool, Leeds, Sheffield, Newcastle, Glasgow and Cardiff. Large parts of Scotland, mid-Wales and northern England remain thinly populated, and the Scottish Highlands and Islands are among the emptiest regions in western Europe. This pattern is the legacy of industrialisation, which drew people from the countryside into the manufacturing towns during the nineteenth century."
134,What is the UK,Which of these is the correct description of Ulster Scots?,An ancient form of Welsh,A form of Cornish,A dialect of Scottish Gaelic spoken in Glasgow,A language variety recognised in Northern Ireland,D,"Ulster Scots is a variety of the Scots language spoken in parts of Northern Ireland, brought over by settlers from Scotland during the plantations of the seventeenth century. It has official recognition in Northern Ireland alongside Irish, and both receive some public support for broadcasting and cultural activity. Scottish Gaelic is a separate Celtic language spoken chiefly in the Highlands and Islands of Scotland, while Welsh and Cornish are Celtic languages of Wales and Cornwall respectively. The variety of languages across the United Kingdom reflects centuries of settlement and migration between its nations and with Ireland and Scandinavia. Recognition of these varieties forms part of the wider settlement supporting cultural identity in Northern Ireland."
135,What is the UK,Which of these is NOT a Crown dependency?,Guernsey,Jersey,Gibraltar,The Isle of Man,C,"Gibraltar is a British overseas territory, not a Crown dependency. The three Crown dependencies are Jersey, Guernsey and the Isle of Man, all lying close to the British Isles and all self-governing in domestic matters, with constitutional links to the Crown that descend from medieval times rather than from colonial acquisition. The overseas territories, of which there are fourteen, are scattered across the world and include Gibraltar, Bermuda, the Falkland Islands, St Helena and the Cayman Islands; they generally originated as colonies. Neither group forms part of the United Kingdom, and neither sends representatives to the Westminster Parliament. Both groups nonetheless depend on the United Kingdom for their defence and international representation."
136,What is the UK,Which of these UK nations has its own distinct legal system with its own courts?,Only England has a separate legal system,Wales alone,Scotland,None of them; a single system covers the UK,C,"The United Kingdom contains three separate legal jurisdictions: England and Wales, Scotland, and Northern Ireland. Scots law is notably distinct, drawing on Roman law as well as common law traditions, and Scotland retained its own legal system, church and education system when the parliaments united in 1707. Scottish criminal courts include the sheriff courts and the High Court of Justiciary, and juries there have fifteen members with a third possible verdict historically available. Northern Ireland also has its own courts. England and Wales share a single system, though the Senedd now makes law for Wales in devolved areas. Court structures, legal professions and even some offences therefore differ across the three jurisdictions."
137,What is the UK,Which of these statements about the UK's membership of the European Union is correct?,The UK joined only after 2016,The UK was a member but left following a referendum,The UK has never been a member,The UK remains a full member,B,"The United Kingdom joined the European Economic Community, the forerunner of the European Union, in 1973, and membership was confirmed by a referendum two years later. In a further referendum held in June 2016 a majority voted to leave, and the United Kingdom formally departed in January 2020, with a transition period following. Throughout its membership the country retained the pound sterling rather than adopting the euro and stayed outside the Schengen passport-free zone. Departure changed arrangements for trade, immigration and the rights of European citizens in Britain, while the Common Travel Area with the Republic of Ireland continued unaffected."
138,What is the UK,Which of these is the second largest city in Northern Ireland?,Armagh,Bangor,Londonderry,Newry,C,"Londonderry, also widely known as Derry, is Northern Ireland's second city, standing on the River Foyle in the north-west. It is celebrated for its complete seventeenth-century city walls, built during the plantation of Ulster, which survive intact and can be walked in full. The city was a focal point of the civil rights movement and of the Troubles in the late 1960s and afterwards. Belfast is the capital and much the largest city. Armagh, though small, is the ecclesiastical capital of Ireland, seat of both the Anglican and Roman Catholic archbishops, and Bangor and Newry are substantial towns. The city's name is itself contested, with Derry preferred by nationalists and Londonderry by unionists."
139,What is the UK,What does the term 'devolution' mean in the UK context?,The complete independence of a nation,The abolition of local councils,The merging of the four nations into one administration,The transfer of certain powers from central government to national or regional bodies,D,"Devolution is the transfer of specified powers from the United Kingdom Parliament and government to the institutions of Scotland, Wales and Northern Ireland. It began in earnest at the end of the 1990s, following referendums, with the creation of the Scottish Parliament, the Welsh Assembly, now the Senedd, and the Northern Ireland Assembly. Each body legislates on devolved matters such as health, education and the environment, while reserved matters including defence, foreign policy, immigration and most taxation remain with Westminster. Devolution is not independence: the devolved institutions derive their powers from Acts of the United Kingdom Parliament and operate within the United Kingdom."
140,What is the UK,Which of these is a famous prehistoric monument in England?,The Giant's Causeway,Stonehenge,Caernarfon Castle,Edinburgh Castle,B,"Stonehenge, on Salisbury Plain in Wiltshire, is a prehistoric stone circle built in stages from around 3000 BC onwards and is one of the most famous ancient monuments in the world. Its purpose is uncertain, though it is aligned with the movements of the sun and is thought to have had ceremonial or religious significance. The Giant's Causeway in County Antrim is a natural formation of hexagonal basalt columns, not a human construction. Edinburgh Castle and Caernarfon Castle are both medieval fortifications, the latter built by Edward I during his conquest of Wales in the thirteenth century. Other major prehistoric sites include the stone circle at Avebury and the neolithic village of Skara Brae in Orkney."
141,What is the UK,Which of these natural features is in Northern Ireland?,Loch Ness,Snowdonia,The Lake District,The Giant's Causeway,D,"The Giant's Causeway, on the north coast of County Antrim, is Northern Ireland's best-known natural landmark and a World Heritage Site. It consists of tens of thousands of interlocking hexagonal basalt columns formed by volcanic activity, and legend attributes it to the giant Finn McCool. Loch Ness is a long, deep freshwater lake in the Scottish Highlands, famous for the stories of a monster in its waters. Snowdonia is a mountainous national park in north Wales containing Snowdon, the highest peak in Wales, and the Lake District is a national park in north-west England celebrated by the Romantic poets. Each of the four nations has its own national parks and protected landscapes drawing many visitors each year."
142,What is the UK,Which of these is true about the term 'Britain'?,It refers only to England,It is often used informally to mean the United Kingdom,It includes the Republic of Ireland,It refers only to Scotland and Wales,B,"In everyday speech 'Britain' is frequently used as a shorthand for the United Kingdom, although strictly Great Britain means England, Scotland and Wales and excludes Northern Ireland. The looseness of the terminology causes regular confusion, particularly abroad, and it matters in Northern Ireland, where questions of identity are politically sensitive. The formal name of the state is the United Kingdom of Great Britain and Northern Ireland. 'British Isles' is a wider geographical term including the Republic of Ireland, which is an independent country, while 'British' as an adjective of nationality applies to citizens of the United Kingdom as a whole."
143,What is the UK,Which of these cities is in Wales?,Swansea,Sheffield,Dundee,Coventry,A,"Swansea is a city on the south coast of Wales, at the mouth of the River Tawe and close to the Gower peninsula, which was the first area in Britain designated as an Area of Outstanding Natural Beauty. It grew as a centre of copper smelting and later of coal export, and was heavily bombed during the Second World War. Other Welsh cities include Cardiff, the capital, Newport, Bangor and St Davids, the last of which is the smallest city in Britain. Sheffield and Coventry are English cities with strong industrial histories in steel and motor manufacturing, and Dundee lies on the east coast of Scotland."
144,What is the UK,Which of these is a responsibility of the devolved administrations rather than the UK government?,Issuing passports,Defence,Health services in their nation,Immigration policy,C,"Health is a devolved matter, so Scotland, Wales and Northern Ireland each run their own health service with their own policies on matters such as prescription charges and hospital organisation. Education, housing, agriculture, the environment and aspects of transport and justice are also devolved, with the precise balance differing between the three. Defence, foreign affairs, immigration and nationality, passports, most taxation and the currency are reserved to the United Kingdom Parliament and government, because they concern the state as a whole. This division explains why policies can differ noticeably between the nations while citizenship and border control remain uniform. Funding for the devolved administrations comes largely from a block grant allocated by the United Kingdom Treasury."
145,What is the UK,What is Hogmanay?,A Welsh harvest festival,The Scottish celebration of New Year's Eve,A Northern Irish spring parade,An English summer fair,B,"Hogmanay is the Scottish name for New Year's Eve, 31 December, and the celebrations attached to it are among the most exuberant in the country. Traditions include first-footing, in which the first person to cross a household's threshold after midnight brings a symbolic gift such as coal, salt, shortbread or whisky, and the singing of 'Auld Lang Syne', written by Robert Burns. Edinburgh's street party is internationally famous. In Scotland both 1 and 2 January are public holidays, a recognition of how significant the celebration has historically been there, at times more so than Christmas. The origin of the word itself is uncertain, though it is often traced to French or Norse roots carried to Scotland long ago."
146,What is the UK,Which of these best describes the relationship between the UK and the British overseas territories?,They are governed as part of the Commonwealth's central administration,They are counties of England,They are independent members of the United Nations,They are linked to the UK but are not part of it,D,"The fourteen British overseas territories, including Gibraltar, Bermuda, the Falkland Islands, the Cayman Islands and St Helena, are linked to the United Kingdom through the Crown without being part of it. Most have their own elected governments handling internal affairs, while the United Kingdom is responsible for defence and foreign relations and appoints a governor. They are not independent states and so are not members of the United Nations in their own right, and they are not counties of England. The Commonwealth is a separate voluntary association of independent countries and has no governing authority over the territories. Most are small, and several, such as the British Antarctic Territory, have no permanent civilian population at all."
147,What is the UK,Which mountain is the highest in Wales?,Ben Nevis,Cader Idris,Snowdon,Scafell Pike,C,"Snowdon, known in Welsh as Yr Wyddfa, is the highest mountain in Wales at just over 1,085 metres and stands in the Snowdonia National Park in the north-west of the country. It is one of the most climbed mountains in Britain, with several walking routes to the summit and a rack railway that has carried passengers to the top since Victorian times. Ben Nevis in Scotland is the highest peak in the United Kingdom as a whole, Scafell Pike is the highest in England, and Cader Idris is another well-known Snowdonia peak, lower than Snowdon but popular with walkers. The Welsh name Yr Wyddfa is now used alongside, or in place of, Snowdon by the national park authority."
148,What is the UK,How is the head of state of the United Kingdom determined?,By a vote of the House of Lords,By hereditary succession to the throne,By appointment by the Prime Minister,By a national election every five years,B,"The United Kingdom is a constitutional monarchy, and the head of state is the monarch, a position inherited according to rules of succession rather than filled by election or appointment. The monarch reigns but does not rule: real political power lies with the elected government, which is accountable to Parliament, and the sovereign acts on ministers' advice. The monarch's functions include opening Parliament, giving royal assent to legislation, appointing the Prime Minister and acting as a symbol of national continuity above party politics. The current sovereign is King Charles III, who succeeded his mother Queen Elizabeth II in September 2022."
149,History,Roughly how long ago did Britain become separated from the European mainland?,About 500 years ago,"About 10,000 years ago","About 100,000 years ago","About 1,000 years ago",B,"For most of the last Ice Age Britain was joined to the continent of Europe by a land bridge, and early hunter-gatherers crossed it freely, following herds of animals. As the ice sheets melted, sea levels rose and around ten thousand years ago the land bridge was submerged, leaving Britain an island. This had lasting consequences for its history, shaping patterns of invasion, trade and defence for thousands of years afterwards. The first people to live in Britain were hunter-gatherers who used stone tools, and the earliest human remains and tools found in the country are far older still, dating from periods when the climate allowed settlement between glaciations."
150,History,What is Stonehenge?,A Viking burial ship found in Suffolk,A Roman fort on the Scottish border,A prehistoric monument of standing stones in Wiltshire,A medieval cathedral in Kent,C,"Stonehenge stands on Salisbury Plain in Wiltshire and was built in several stages from roughly five thousand years ago, during the Stone Age and Bronze Age. Its great standing stones, some brought from as far away as south-west Wales, are arranged in circles aligned with the movements of the sun at the solstices. Archaeologists believe it served ceremonial or religious purposes and was probably connected with burial and seasonal gatherings, though no written record survives to explain it. It remains one of the most visited ancient sites in the world and is a World Heritage Site, together with the nearby stone circle at Avebury."
151,History,"Where is Skara Brae, one of the best-preserved prehistoric villages in Europe?","Orkney, off the north coast of Scotland",The Isle of Wight,County Antrim,Cornwall,A,"Skara Brae lies on the Orkney islands off the northern coast of Scotland and is a remarkably well-preserved neolithic village, uncovered when a storm stripped away the sand that had covered it for thousands of years. Its stone houses still contain built-in furniture such as beds, dressers and hearths, giving an unusually vivid picture of daily life around five thousand years ago. It is one of the most important Stone Age sites in western Europe and forms part of a World Heritage Site that also includes the chambered tomb of Maeshowe and the standing stones at Stenness and Brodgar. The survival of so much organic and structural detail at the site is exceptional for a settlement of that age."
152,History,What change marked the beginning of the Bronze Age in Britain?,People learned to make bronze tools and weapons,People began building stone cathedrals,People abandoned farming for hunting,People began using iron for the first time,A,"The Bronze Age began in Britain around four thousand years ago, when people learned to smelt copper and tin together to make bronze, a harder and more useful metal than either alone. Bronze was used for tools, weapons and ornaments, and the trade in tin, much of it from Cornwall, linked Britain into wider European exchange networks. People of this period lived in roundhouses and buried their dead in round barrows, often with pottery beakers and metal goods placed alongside the body. Farming, which had begun in the preceding Neolithic period, continued to develop, with field systems and permanent settlements spreading across the landscape."
153,History,"What were hill forts, common in Iron Age Britain?",Defensive settlements built on high ground,Viking trading posts,Roman military watchtowers,Medieval monasteries,A,"Hill forts were fortified settlements built on high ground during the Iron Age, defended by banks and ditches and often enclosing houses, granaries and workshops. Maiden Castle in Dorset is among the largest and most impressive examples, with massive earthwork ramparts still clearly visible. They suggest a society organised into tribes that competed for land and cattle and needed protection from raids. During this period people learned to make tools and weapons from iron, which was stronger and more plentiful than bronze, and the first coins were minted in Britain. The languages spoken belonged to the Celtic family, ancestors of modern Welsh and Gaelic."
154,History,In which year did Julius Caesar first lead a Roman force into Britain?,55 BC,AD 410,AD 43,AD 122,A,"Julius Caesar led an expedition to Britain in 55 BC and another the following year, but neither resulted in permanent occupation, and the Romans withdrew each time. Britain remained outside the empire for almost a century afterwards, though trade and diplomatic contact with Rome continued. The successful invasion came in AD 43 under the Emperor Claudius, after which most of what is now England and Wales was brought under Roman control and remained so for nearly four centuries. Hadrian's Wall was begun around AD 122, and Roman forces finally departed in AD 410 to defend the empire's heartlands, leaving Britain to defend itself."
155,History,Under which emperor did the successful Roman conquest of Britain begin in AD 43?,Hadrian,Nero,Claudius,Julius Caesar,C,"The conquest that brought Britain into the Roman empire was launched in AD 43 during the reign of the Emperor Claudius. A large invasion force landed in the south-east and gradually extended Roman control over most of what is now England and Wales, though resistance continued for years in the west and north. Julius Caesar had led earlier expeditions in 55 and 54 BC without establishing lasting rule. Hadrian was a later emperor, under whom the wall across northern England was begun around AD 122. Roman Britain lasted until AD 410, leaving behind roads, towns, villas, baths and the foundations of cities such as London, York and Bath."
156,History,Who led a rebellion against the Romans in Britain and is commemorated by a statue near Westminster Bridge?,Alfred the Great,Caractacus,Boudicca,Queen Elizabeth I,C,"Boudicca was queen of the Iceni, a tribe in what is now East Anglia, and she led a major uprising against Roman rule in the first century AD after her people were mistreated following her husband's death. Her forces destroyed Colchester, London and St Albans before being defeated by the Roman army. She became a symbol of resistance and of British defiance, and a bronze statue of her driving a war chariot stands near Westminster Bridge in London. Caractacus was another British leader who resisted the Roman conquest, while Alfred the Great and Elizabeth I belong to much later periods of history."
157,History,Why was Hadrian's Wall built?,To protect London from Viking raids,To mark the boundary between England and Wales,To serve as a road linking Roman towns,To defend the northern frontier of Roman Britain against the Picts,D,"Hadrian's Wall was begun around AD 122 on the orders of the Emperor Hadrian and ran across northern England from the Solway Firth to the mouth of the Tyne. Its purpose was to guard the northern frontier of the province against the tribes to the north, whom the Romans called the Picts, and to control movement and trade across the border. Forts, milecastles and turrets were built along its length, and the soldiers who garrisoned them came from across the empire. Substantial stretches survive today, together with the remains of forts such as Housesteads and Vindolanda, and the wall is a World Heritage Site."
158,History,In which year did the Roman army leave Britain?,AD 410,AD 793,AD 1066,AD 43,A,"Roman forces withdrew from Britain around AD 410, when the empire was under severe pressure from invasions elsewhere and troops were needed to defend its heartlands. The departure ended nearly four centuries of Roman rule, during which towns, roads, villas and bath houses had been built and Christianity had begun to spread. Without the legions, the towns declined and the Romano-British population faced raids and settlement by peoples from northern Europe. AD 43 was the year of the successful invasion, AD 793 is associated with the first major Viking raid on Lindisfarne, and 1066 was the year of the Norman Conquest."
159,History,Which peoples settled in Britain after the Romans left?,The Normans from France,The Goths from Italy,"The Anglo-Saxons, including the Angles, Saxons and Jutes",The Moors from North Africa,C,"After the Roman withdrawal, tribes from what is now northern Germany, Denmark and the Netherlands settled in Britain. They are known collectively as the Anglo-Saxons and included the Angles, the Saxons and the Jutes. Over time they established a number of kingdoms across what became England, a name derived from the Angles, while the Celtic languages and cultures survived in Wales, Cornwall, Scotland and Ireland. The Anglo-Saxon period produced a rich culture, seen in the ship burial at Sutton Hoo in Suffolk and in the poem Beowulf. The Normans arrived much later, in 1066, from northern France. Their separate kingdoms eventually merged into a single English realm under the kings of Wessex."
160,History,What was found at Sutton Hoo in Suffolk?,A Bronze Age stone circle,An Anglo-Saxon ship burial containing treasure,A Norman castle keep,A Roman amphitheatre,B,"Sutton Hoo in Suffolk is the site of an Anglo-Saxon burial in which an entire ship was placed beneath a mound, together with a magnificent hoard of grave goods including a decorated helmet, gold jewellery, silver bowls and weapons. Excavated shortly before the Second World War, it is thought to commemorate a king of East Anglia, possibly Raedwald, and it transformed understanding of a period once dismissed as culturally barren. The finds demonstrated the wealth, craftsmanship and long-distance trading connections of seventh-century England. Many of the objects are now displayed in the British Museum, and the site itself is cared for by the National Trust."
161,History,Which missionary is traditionally credited with bringing Christianity to Ireland?,St Patrick,St Columba,St Augustine,St David,A,"St Patrick is traditionally regarded as the missionary who brought Christianity to Ireland in the fifth century, and he became its patron saint, celebrated on 17 March. According to tradition he was a Romano-British Christian taken to Ireland as a slave who later returned as a missionary bishop. St Columba, an Irish monk, founded the monastery on the island of Iona and helped spread Christianity in Scotland. St Augustine was sent from Rome in 597 to convert the Anglo-Saxons of southern England and became the first Archbishop of Canterbury. St David, a sixth-century Welsh bishop, is the patron saint of Wales."
162,History,Who became the first Archbishop of Canterbury?,St Columba,St Augustine,St Patrick,Thomas Becket,B,"St Augustine was sent from Rome by Pope Gregory in 597 to convert the Anglo-Saxons of southern England to Christianity. He was received by King Ethelbert of Kent, whose wife was already Christian, and established his church at Canterbury, becoming its first archbishop. Canterbury has remained the senior see of the English church ever since, and the Archbishop of Canterbury is today the most senior bishop of the Church of England and spiritual leader of the worldwide Anglican Communion. Thomas Becket was a much later Archbishop of Canterbury, murdered in his cathedral in 1170 after quarrelling with King Henry II."
163,History,In which year did Viking raiders first attack Britain in a well-recorded raid on Lindisfarne?,AD 1215,AD 410,AD 793,AD 1066,C,"The raid on the island monastery of Lindisfarne off the Northumbrian coast in AD 793 is the most famous early Viking attack on Britain and shocked contemporaries because a renowned centre of learning and holiness had been plundered. It marked the beginning of roughly three centuries of Norse raiding, trading and settlement. Later Viking armies conquered large parts of eastern and northern England, and Scandinavian settlers left a deep mark on place names, language and law, particularly in the area that became known as the Danelaw. Viking settlement also reached the Scottish islands, the Isle of Man and Ireland, where Dublin was founded as a Norse town."
164,History,Which Anglo-Saxon king famously defeated the Vikings and is remembered as 'the Great'?,Harold,Ethelred,Cnut,Alfred,D,"Alfred, king of Wessex in the late ninth century, is the only English monarch commonly given the title 'the Great'. He resisted the Viking armies that had overrun much of England, won a decisive victory at Edington, and agreed a settlement that left the Danes in control of the north and east, the region known as the Danelaw. He is remembered for reorganising the army and building fortified towns, for encouraging learning and translating works into English, and for issuing a code of laws. Cnut was a later Danish king who ruled England, and Harold was the king defeated at Hastings in 1066."
165,History,What was the Danelaw?,An agreement between England and Scotland,The legal code of the Anglo-Saxon church,The area of England under Viking control and Danish law,A set of taxes imposed by the Normans,C,"The Danelaw was the large part of northern and eastern England where Scandinavian settlers predominated and Danish customs and law prevailed, following the agreement between King Alfred of Wessex and the Viking leader Guthrum. Its legacy survives in hundreds of place names ending in elements such as -by and -thorpe, in dialect words, and in aspects of local administration. English kings gradually reconquered the region during the tenth century, but Scandinavian influence persisted, and for a period in the eleventh century England was ruled by Danish kings, including Cnut, who governed an empire spanning England, Denmark and Norway. Place names ending in elements such as -thwaite and -toft still mark the extent of that settlement."
166,History,Who won the Battle of Hastings in 1066?,Harold Godwinson,"William, Duke of Normandy",Cnut the Great,Alfred the Great,B,"William, Duke of Normandy, defeated King Harold Godwinson at the Battle of Hastings in 1066 and was crowned king of England on Christmas Day of that year, becoming known as William the Conqueror. Harold had become king earlier in the year and had just defeated a Norwegian invasion in the north before marching south to meet the Normans; he was killed in the battle. The conquest brought a new French-speaking ruling class, a programme of castle building and lasting changes to landholding, language and the church. It was the last successful invasion of England from abroad, and the events are depicted in the Bayeux Tapestry."
167,History,What is the Bayeux Tapestry?,A medieval map of the British Isles,An embroidery depicting the Norman Conquest of England,A Viking sail recovered from a shipwreck,A Roman mosaic found in Bath,B,"The Bayeux Tapestry is a long embroidered cloth, nearly seventy metres in length, which tells the story of the events leading to the Norman Conquest and the Battle of Hastings in 1066. Worked in coloured wool on linen, it shows ships, horses, armour and the death of King Harold, and it remains one of the most important surviving sources for the period as well as a remarkable work of art. It is displayed in the French town of Bayeux, from which it takes its name, and was probably made in England within a few decades of the events it portrays."
168,History,What was the Domesday Book?,A book of laws issued by Magna Carta's barons,A survey of land and property in England ordered by William the Conqueror,A collection of Anglo-Saxon poems,A record of Viking raids,B,"The Domesday Book was compiled in 1086 on the orders of William the Conqueror and recorded who held land throughout England, what it was worth, how many people lived there and what livestock and resources each estate contained. Its purpose was to establish the king's rights and to assess taxation, and its findings were treated as final, which is how it acquired its name, suggesting a judgment from which there was no appeal. It is an extraordinary source for historians, offering a detailed snapshot of English society two decades after the Norman Conquest, and the original manuscripts survive in the National Archives."
169,History,Which of these best describes the effect of the Norman Conquest on England?,The Roman empire was restored in Britain,England and Scotland were united under one crown,A new French-speaking ruling class took control of land and the church,England adopted the Danish language,C,"The Norman Conquest replaced the Anglo-Saxon aristocracy with a French-speaking Norman elite who took possession of most of the land and senior positions in the church. Castles were built across the country to secure control, including the Tower of London, and a highly organised feudal system of landholding was imposed. French became the language of the court, law and administration for centuries, and its vocabulary flowed into English, producing the mixed language spoken today. The union of the English and Scottish crowns did not occur until 1603, and the two kingdoms remained separate states long after the Norman period. Castles rose across the country, and the Domesday survey of 1086 recorded the new distribution of land."
170,History,Which languages spoken in parts of Britain today descend from those of the ancient Celtic peoples?,Latin and Italian,Danish and Norwegian,Welsh and Scottish Gaelic,English and Dutch,C,"Welsh, Scottish Gaelic, Irish, Cornish, Manx and Breton all belong to the Celtic family of languages spoken in Britain and Ireland before the Anglo-Saxon settlement. After the Anglo-Saxons established themselves in what became England, the Celtic languages survived chiefly in the west and north, in Wales, Cornwall, Scotland, the Isle of Man and Ireland. English descends instead from the Germanic speech of the Anglo-Saxons, later enriched by Norse and by a vast amount of French and Latin vocabulary after the Norman Conquest. Welsh and Scottish Gaelic have official recognition today, and Cornish and Manx have been revived by enthusiasts. Cornish and Manx died out as everyday speech but have since been revived by enthusiasts."
171,History,What did the Romans build extensively in Britain that still influences the road network today?,Suspension bridges,Canals for barges,Straight paved roads linking towns,Iron railways,C,"The Romans built a network of well-engineered roads across Britain, laid out as directly as the terrain allowed and surfaced with layers of stone, in order to move troops, officials and goods quickly between towns and forts. Routes such as Watling Street, Ermine Street and the Fosse Way linked London with Chester, York, Lincoln and Exeter, and many modern roads still follow their alignments. The Romans also founded or developed towns including Londinium, Eboracum, which became York, and Aquae Sulis, now Bath, with its hot springs and bath complex. Canals and railways belong to the much later industrial age. Roman engineers also built aqueducts, drains and town walls, parts of which survive in cities today."
172,History,Which Roman town was famous for its hot springs and baths?,York,Bath,Colchester,Chester,B,"The Romans built an elaborate bathing complex and temple around the natural hot springs at the town they called Aquae Sulis, which is now the city of Bath in Somerset. The springs were already sacred to a local goddess, whom the Romans identified with Minerva, and the baths became a centre of healing and social life. Much of the Roman structure survives and is a major attraction today, and the city is a World Heritage Site, also celebrated for its Georgian architecture. York was an important Roman legionary fortress, Colchester the earliest Roman colony in Britain, and Chester another major military base."
173,History,"Which people did the Romans fail to conquer, leading to the building of a northern frontier?",The Picts of what is now Scotland,The Saxons of Kent,The Danes of Jutland,The Normans of France,A,"Roman armies campaigned in the north of Britain but never established lasting control over the territory that became Scotland, where the peoples the Romans called the Picts remained beyond the empire. To secure the frontier, Hadrian's Wall was begun around AD 122 across what is now northern England, and for a time a second barrier, the Antonine Wall, was held further north between the Forth and the Clyde before being abandoned. Ireland was never invaded by Rome at all. The Saxons, Danes and Normans arrived in Britain only after the Roman period had ended, in successive waves of settlement and conquest."
174,History,What kind of houses did people typically live in during the Bronze and Iron Ages in Britain?,Roundhouses,Timber-framed terraces,Stone castles,Brick townhouses,A,"People in Bronze Age and Iron Age Britain lived in roundhouses, circular dwellings built with timber posts, walls of wattle and daub or stone, and conical thatched roofs, with a hearth at the centre. They were often grouped into small farming settlements or enclosed within hill forts for protection. The inhabitants kept cattle, sheep and pigs, grew grain, wove cloth and worked metal, and traded goods over considerable distances. Stone castles arrived with the Normans after 1066, and brick townhouses and terraces are features of much later periods, particularly the Georgian and Victorian expansion of towns and cities. Excavated sites and modern reconstructions give a clear picture of how such households lived and worked."
175,History,Which monastery founded by St Columba became an important centre of Christianity in Scotland?,Glastonbury,Iona,Lindisfarne,Canterbury,B,"St Columba, an Irish monk, founded a monastery on the small island of Iona off the west coast of Scotland in the sixth century, and from there missionaries spread Christianity among the peoples of Scotland and northern England. Iona became one of the most important religious centres in the British Isles and is traditionally associated with the production of illuminated manuscripts. Lindisfarne, off the Northumbrian coast, was founded from Iona and produced the Lindisfarne Gospels before being sacked by Vikings in 793. Canterbury was established by St Augustine in the south, and Glastonbury is an ancient abbey in Somerset with many legends attached."
176,History,What is Beowulf?,A Viking navigation manual,A Roman history of Britain,An Old English epic poem from the Anglo-Saxon period,A Norman legal code,C,"Beowulf is the best known poem to survive from Anglo-Saxon England, composed in Old English and telling the story of a hero who fights the monster Grendel, Grendel's mother and finally a dragon. It survives in a single manuscript and is a foundational text of English literature, valued both as poetry and as a window onto the values of early medieval warrior society, with its emphasis on loyalty, courage and reputation. Although set in Scandinavia, it was written in England. The Anglo-Saxon period also produced the Anglo-Saxon Chronicle, a year-by-year record of events begun in the reign of Alfred the Great."
177,History,Which Danish king ruled England in the early eleventh century?,Cnut,William,Alfred,Edward the Confessor,A,"Cnut, sometimes written Canute, was a Danish prince who became king of England in the early eleventh century after a period of renewed Viking invasion, and he also ruled Denmark and Norway, creating a North Sea empire. His reign in England was relatively settled, and he governed with the support of English nobles and the church rather than attempting to impose foreign rule wholesale. The famous story of him commanding the tide to halt was told to show that even a king's power has limits. After his sons' short reigns, the English line was restored under Edward the Confessor, whose death in 1066 triggered the succession crisis."
178,History,Who was king of England immediately before the Norman Conquest?,Harold Godwinson,Cnut,Edward the Confessor's son,William of Normandy,A,"Harold Godwinson, the most powerful English nobleman, became king in January 1066 on the death of Edward the Confessor, who had left no son. His claim was disputed by William, Duke of Normandy, and by Harald Hardrada of Norway. Harold defeated the Norwegian invasion at Stamford Bridge in Yorkshire, then marched rapidly south to confront the Normans, who had landed on the Sussex coast. He was defeated and killed at the Battle of Hastings in October of the same year, and William was crowned at Westminster Abbey on Christmas Day, beginning Norman rule in England. He had reigned for barely nine months, and his death ended Anglo-Saxon rule in England."
179,History,Which building begun by William the Conqueror still stands beside the River Thames in London?,Westminster Abbey,The Tower of London,St Paul's Cathedral,Buckingham Palace,B,"The Tower of London was begun by William the Conqueror soon after 1066 to dominate and defend the city, and its great stone keep, the White Tower, remains the heart of the complex. Over the centuries it has served as a royal palace, a fortress, an armoury, a prison and a place of execution, and it houses the Crown Jewels. Westminster Abbey was rebuilt by Edward the Confessor shortly before the conquest and has been the setting for coronations ever since. St Paul's Cathedral in its present form was designed by Christopher Wren after the Great Fire of 1666, and Buckingham Palace is a much later royal residence."
180,History,What system of landholding did the Normans establish in England?,A feudal system in which land was held from the king in return for service,Land ownership decided by annual election,Private ownership with no obligations to the Crown,Common ownership of all land by villages,A,"The Normans imposed a feudal system under which all land ultimately belonged to the king, who granted estates to his leading followers in return for military service and loyalty. Those tenants in turn granted land to lesser lords and knights, while at the base of the structure peasants worked the land and owed labour and dues to their lord. The Domesday survey of 1086 recorded this new pattern of landholding in detail. The arrangement shaped English society for centuries, and its gradual erosion, through the growth of towns, trade, wage labour and the effects of the Black Death, is a central theme of later medieval history."
181,History,Which of these was NOT a people who settled in or invaded Britain before 1066?,The Normans of Sicily,The Anglo-Saxons,The Romans,The Vikings,A,"Britain experienced successive waves of invasion and settlement in the ancient and early medieval periods: the Romans arrived in strength in AD 43 and remained until AD 410, the Anglo-Saxons settled from the fifth century onwards, and Viking raiders and settlers came from Scandinavia from the late eighth century. The Normans did invade, but they came from Normandy in northern France in 1066, not from Sicily, although Norman adventurers did also establish a kingdom there in the same century. Each wave left a lasting mark on the language, place names, law and landscape of the islands, producing the mixed inheritance of modern Britain."
182,History,"What did the first farmers in Britain, arriving around 6,000 years ago, bring with them?",Wheeled chariots and coins,Written records,Crops and domesticated animals,Iron weapons,C,"The first farmers reached Britain around six thousand years ago, probably from south-east Europe, bringing seed grain and domesticated animals and beginning the Neolithic or New Stone Age. Their arrival changed the landscape permanently, as woodland was cleared for fields and pasture and communities became settled rather than moving with the seasons. They built the great communal monuments of the period, including long barrows, causewayed enclosures and the earliest phases of Stonehenge. Iron came much later, in the Iron Age, and coinage arrived later still. Writing was not used in Britain until the Roman period, which is why all earlier history depends on archaeology."
183,History,Which city did the Romans call Londinium?,London,Chester,Lincoln,Carlisle,A,"Londinium was founded by the Romans shortly after the conquest of AD 43 at a crossing point on the River Thames, and it grew into the largest town in Roman Britain and the centre of its road network. It was burned during Boudicca's revolt but was rebuilt and provided with walls, sections of which can still be seen. After the Roman withdrawal the town declined, but it revived under the Anglo-Saxons and Normans and eventually became the capital. Lincoln was the Roman Lindum, Chester was Deva and an important legionary fortress, and Carlisle was Luguvalium, near the western end of Hadrian's Wall."
184,History,Which of these is true of Christianity in Roman Britain?,It was banned throughout the Roman period,It was unknown until the Normans arrived,It spread during the Roman period and survived afterwards in parts of Britain,It was introduced by the Vikings,C,"Christianity reached Britain during the Roman period and became established among some of the population, particularly after it gained official acceptance across the empire in the fourth century. When Roman rule ended, Christian communities survived in the west and in Ireland, where monasticism flourished, even as the pagan Anglo-Saxons settled in the east. Missionaries later converted the Anglo-Saxon kingdoms, notably St Augustine, who arrived in Kent in 597, and Irish missionaries working from Iona and Lindisfarne in the north. The Vikings were initially pagan and raided Christian monasteries, though they later converted as they settled. Mosaics and silver hoards bearing Christian symbols have been excavated from late Roman sites in Britain."
185,History,What were the Lindisfarne Gospels?,An illuminated manuscript of the Gospels produced in Northumbria,A Viking saga written in Old Norse,A set of Roman legal texts,A Norman account of the Battle of Hastings,A,"The Lindisfarne Gospels are a richly illuminated manuscript of the four Gospels produced at the monastery of Lindisfarne in Northumbria around the beginning of the eighth century. Decorated with intricate interlaced patterns that blend Celtic, Anglo-Saxon and Mediterranean influences, they represent one of the supreme achievements of early medieval European art. The manuscript survived the Viking raids that devastated the monastery and is now held by the British Library. Works of this kind show the wealth and learning of Anglo-Saxon monastic culture, which also produced historians such as the Venerable Bede, who wrote his history of the English church at nearby Jarrow."
186,History,Who wrote the Ecclesiastical History of the English People in the eighth century?,The Venerable Bede,Julius Caesar,Geoffrey Chaucer,William Shakespeare,A,"The Venerable Bede was a monk at the monastery of Jarrow in Northumbria and completed his Ecclesiastical History of the English People in the early eighth century. It is the principal source for the early history of Anglo-Saxon England and the conversion of its kingdoms to Christianity, and Bede's careful use of documents and testimony earned him a reputation as the first serious English historian. He also helped popularise the practice of dating years from the birth of Christ. Geoffrey Chaucer wrote in the fourteenth century, Shakespeare in the sixteenth and seventeenth, and Julius Caesar belongs to the Roman republic."
187,History,Which kingdom did Alfred the Great rule?,East Anglia,Northumbria,Mercia,Wessex,D,"Alfred the Great ruled Wessex, the kingdom covering much of southern England, during the later ninth century, at a time when Viking armies had overrun most of the other Anglo-Saxon kingdoms. Mercia, Northumbria and East Anglia had all fallen, leaving Wessex as the last major centre of English resistance. After a period of desperate struggle Alfred defeated the Danes at Edington and secured a settlement that preserved his kingdom, and his successors went on to reconquer the Danelaw and create a unified kingdom of England. He is remembered as much for his promotion of learning and law as for his military achievements."
188,History,What was the main purpose of the castles built by the Normans across England?,To serve as trading markets,To provide housing for peasants,To control the conquered population and defend Norman power,To store grain for the church,C,"The Normans built castles rapidly across England after 1066, first as earth and timber structures of the motte and bailey type and later rebuilt in stone. Their purpose was military and political: to dominate towns and countryside, to provide secure bases for the new ruling class, and to deter or crush rebellion among a population that greatly outnumbered the conquerors. Castles such as the Tower of London, Windsor and Durham began in this period. They also served as administrative centres and residences, but their primary function was control. Markets and granaries were separate features of medieval towns and manors. The earthworks of hundreds of these castles can still be traced across the landscape today."
189,History,Which term describes the period in British history immediately following the departure of the Romans?,The Anglo-Saxon period,The Tudor period,The Norman period,The Georgian period,A,"The centuries after the Roman withdrawal in AD 410 are known as the Anglo-Saxon period, lasting until the Norman Conquest of 1066. During this time settlers from northern Europe established kingdoms across what became England, Christianity was reintroduced by missionaries, and a distinctive culture developed in art, literature and law. The period also saw Viking raids and settlement from the late eighth century and the gradual unification of England under the kings of Wessex. The Norman period followed 1066, the Tudor dynasty ruled from 1485, and the Georgian era refers to the eighteenth and early nineteenth centuries. It is sometimes called the early medieval period and lasted for roughly six centuries."
190,History,Which Roman structure was built between the Forth and the Clyde in Scotland?,The Antonine Wall,Hadrian's Wall,The Great Wall of York,Offa's Dyke,A,"The Antonine Wall was built across the narrow neck of land between the Firth of Forth and the River Clyde in the middle of the second century, during the reign of the Emperor Antoninus Pius, as the Romans pushed their frontier north of Hadrian's Wall. Constructed largely of turf on a stone base, with forts at intervals, it was held only for a couple of decades before the frontier was pulled back to Hadrian's Wall. Offa's Dyke is a much later earthwork built by an Anglo-Saxon king of Mercia along the border with Wales, and it too survives in long stretches today."
191,History,Who built Offa's Dyke?,A Roman emperor,An Anglo-Saxon king of Mercia,A Viking chieftain,A Norman baron,B,"Offa's Dyke is a great earthwork of bank and ditch running for many miles along the border between England and Wales, and it is traditionally attributed to Offa, king of Mercia in the eighth century. Its purpose is debated, but it probably served to mark and defend the frontier between the Mercian kingdom and the Welsh kingdoms to the west. Substantial sections survive, and a long-distance footpath now follows its route. Offa was among the most powerful Anglo-Saxon rulers of his day, issuing coinage and dealing with Charlemagne as an equal. Hadrian's Wall, by contrast, was Roman, and lies far to the north."
192,History,What happened to most Roman towns in Britain after the legions left?,They were preserved unchanged for centuries,They were rebuilt in stone by the Vikings,They grew rapidly into modern cities,They declined as trade and administration broke down,D,"With the departure of the Roman army and administration in the early fifth century, the economic system that had supported urban life in Britain collapsed. Coinage ceased to circulate, long-distance trade contracted sharply, and the towns, which had depended on taxation, garrisons and commerce, declined steeply or were abandoned. The incoming Anglo-Saxons were at first a largely rural people who did not maintain Roman-style urban centres. Some sites, such as London and York, later revived and became important again under later rulers, but the continuity of town life was broken. The stone buildings decayed or were quarried for materials in the centuries that followed."
193,History,Which of these best describes the Anglo-Saxon kingdoms before unification?,A republic governed by elected councils,"Several separate kingdoms such as Wessex, Mercia and Northumbria",A single kingdom ruled from London,A province still ruled from Rome,B,"Anglo-Saxon England was for centuries divided among a number of independent kingdoms, of which the most important were Northumbria in the north, Mercia in the midlands, East Anglia in the east and Wessex in the south, with smaller realms such as Kent, Sussex and Essex. Power shifted between them as rulers competed for dominance, and the strongest king of the day was sometimes acknowledged as overlord. Viking invasions destroyed most of these kingdoms in the ninth century, leaving Wessex to lead the resistance, and it was the house of Wessex that eventually unified England under a single crown. Northumbria, Mercia and Wessex each enjoyed periods of supremacy before the Viking invasions changed everything."
194,History,What is the Anglo-Saxon Chronicle?,A collection of Viking legends,A Norman survey of landholding,A Roman census of Britain,A year-by-year record of events in England begun in Alfred's reign,D,"The Anglo-Saxon Chronicle is a set of annals recording events in England year by year, begun in the reign of Alfred the Great in the late ninth century and continued in several monasteries for centuries afterwards, in one case well beyond the Norman Conquest. Written in Old English rather than Latin, it is one of the most important sources for early English history, recording battles, royal successions, famines, comets and Viking raids. Its survival in several different versions allows historians to compare accounts. The Domesday Book, by contrast, was the Norman survey of landholding compiled in 1086 at William the Conqueror's command."
195,History,Which of these developments is associated with the Iron Age in Britain?,The first printing presses appeared,Gunpowder was introduced,The first coins were minted,The first stone cathedrals were built,C,"The Iron Age in Britain, running from roughly 800 BC to the Roman conquest, saw the widespread use of iron for tools and weapons, the building of hill forts, and the appearance of the first coins, which were being minted by British tribes before the Romans arrived. Society was organised into tribal groupings ruled by chieftains and kings, and Celtic languages were spoken across the islands. Stone cathedrals belong to the medieval period, gunpowder reached Europe in the later Middle Ages, and printing was introduced to England by William Caxton in the fifteenth century, more than a thousand years after the Iron Age had ended."
196,History,Which event is regarded as the last successful invasion of England from abroad?,The Viking raid on Lindisfarne,The Spanish Armada,The Roman invasion of AD 43,The Norman Conquest of 1066,D,"The Norman Conquest of 1066 was the last occasion on which a foreign power successfully invaded England and seized the crown. William of Normandy's victory at Hastings led to a wholesale change of ruling class, the building of castles across the country and lasting changes to language, law and landholding. The Roman invasion of AD 43 and the Viking settlements were earlier successful incursions, but they preceded 1066. The Spanish Armada of 1588 was defeated at sea and never landed an army. Later threats, from Napoleon and from Nazi Germany, were likewise turned back before any invasion could be mounted."
197,History,Who was Edward the Confessor?,A Norman bishop who crowned William,A Viking leader who settled in York,A Roman governor of Britain,An English king whose death in 1066 led to a disputed succession,D,"Edward the Confessor was king of England from 1042 until his death in January 1066. Pious and closely connected with Normandy, where he had spent years in exile, he died without a direct heir, and the resulting dispute over the succession led to the invasions of that year by Harald Hardrada of Norway and William of Normandy. Edward rebuilt Westminster Abbey, where he was buried and which became the traditional setting for coronations, and he was later declared a saint. The crisis over his succession ended with the Norman Conquest, one of the great turning points in British history. His reign is also remembered for the great influence of the powerful Godwin family at court."
198,History,In which century did the Anglo-Saxons begin settling in Britain?,The ninth century AD,The first century BC,The eleventh century AD,The fifth century AD,D,"Anglo-Saxon settlement in Britain began in the fifth century AD, in the decades following the withdrawal of Roman forces around AD 410. Groups of Angles, Saxons and Jutes from the coastlands of what are now Germany, Denmark and the Netherlands crossed the North Sea, at first perhaps as mercenaries and raiders and then as settlers, gradually establishing kingdoms across the east and south of the island. Their language became English and their kingdoms eventually merged into a single realm. The ninth century brought the Viking invasions, and the eleventh century ended with the Norman Conquest of 1066. The process was gradual, unfolding over many generations rather than in a single invasion."
199,History,In which year was Magna Carta sealed?,1381,1066,1314,1215,D,"Magna Carta, the Great Charter, was sealed by King John at Runnymede beside the River Thames in 1215, after his barons rebelled against heavy taxation and arbitrary rule. It required the king to accept that his power was not unlimited and that he too was bound by law. Among its provisions were protections against unlawful imprisonment and a promise not to sell or delay justice. Although most of its clauses concerned the particular grievances of thirteenth-century barons, its principle that the ruler is subject to law became a foundation of constitutional development in Britain and influenced documents such as the United States Constitution."
200,History,Which king was forced to agree to Magna Carta?,King Henry VIII,King John,King Richard III,King Edward I,B,"King John was compelled by his rebellious barons to seal Magna Carta at Runnymede in 1215. His reign had been marked by military failure in France, by disputes with the Pope, and by heavy and arbitrary taxation, which united the nobility against him. The charter limited the king's ability to raise money without consent and established that certain legal protections could not simply be set aside at royal will. John repudiated it almost immediately and civil war followed, but the charter was reissued under his successors and became part of English law. Its enduring significance lies in the idea that the monarch rules under the law."
201,History,Where was Magna Carta sealed?,Runnymede,Windsor Castle,Canterbury,Westminster,A,"Magna Carta was sealed at Runnymede, a meadow beside the Thames in Surrey, in June 1215. The site was chosen as neutral ground between the king's stronghold at Windsor and the rebel barons camped at Staines. The charter was a peace treaty intended to end the confrontation, though it failed in that immediate purpose and war resumed within months. Reissued in modified form after John's death, it entered the statute book and was invoked repeatedly in later centuries by those resisting arbitrary royal power. Memorials at Runnymede today commemorate the charter and its influence on constitutional government around the world."
202,History,What was the Black Death?,A fire that destroyed much of medieval London,A plague that killed a large part of the population in the fourteenth century,A war between England and Scotland,A famine caused by failed harvests in the Tudor period,B,"The Black Death was a devastating epidemic of plague that reached Britain in 1348 and killed a very large proportion of the population, with some estimates suggesting around a third or more died within a few years. Whole villages were abandoned and the shortage of labour that followed had profound social and economic consequences: surviving workers could demand better wages and conditions, the bonds of serfdom weakened, and landowners were forced to change how their estates were farmed. Attempts by Parliament to hold wages down contributed to the discontent that produced the Peasants' Revolt of 1381. The disease returned in later outbreaks for centuries."
203,History,In which year did the Black Death first reach Britain?,1348,1485,1215,1066,A,"Plague arrived in Britain in 1348, spreading from the continent through ports and then inland along trade routes, and within a few years it had killed a very substantial share of the population. Towns and monasteries were hit especially hard because of their density and shared living arrangements. The resulting shortage of labour gave surviving peasants and craftsmen greater bargaining power, accelerating the decline of the feudal system and the spread of paid labour. Legislation attempting to fix wages at pre-plague levels caused resentment and contributed to the Peasants' Revolt of 1381. Further outbreaks recurred periodically, including the Great Plague of London in 1665."
204,History,What was the Peasants' Revolt of 1381 mainly a protest against?,The introduction of the printing press,The Norman Conquest,Taxation and restrictions on wages and labour,The dissolution of the monasteries,C,"The Peasants' Revolt broke out in 1381, driven by anger at a poll tax levied on every adult regardless of means, by laws holding wages down after the labour shortages caused by the Black Death, and by the continuing burdens of serfdom. Rebels from Kent and Essex, led by figures including Wat Tyler, marched on London, where they met the young King Richard II. Tyler was killed and the rising was suppressed, with harsh reprisals in the countryside. Nevertheless the poll tax was abandoned, and the revolt is remembered as an early and dramatic assertion by ordinary people against those who governed them."
205,History,Who led the Peasants' Revolt of 1381?,William Wallace,Simon de Montfort,Wat Tyler,Robert the Bruce,C,"Wat Tyler emerged as the most prominent leader of the Peasants' Revolt of 1381, heading the rebels from Kent who converged on London along with contingents from Essex. The rebellion was fuelled by resentment at the poll tax, at laws restricting wages after the Black Death and at serfdom itself, and the preacher John Ball supplied much of its rhetoric. Tyler was killed during a confrontation with royal officials in the presence of Richard II, and the rising collapsed. William Wallace and Robert the Bruce were Scottish leaders of an earlier period, and Simon de Montfort had led a baronial revolt in the thirteenth century."
206,History,Which Scottish leader defeated the English at the Battle of Bannockburn in 1314?,Kenneth MacAlpin,Macbeth,William Wallace,Robert the Bruce,D,"Robert the Bruce, king of Scots, defeated a much larger English army under Edward II at Bannockburn near Stirling in 1314, securing Scottish independence in practice and establishing his own position on the throne. The victory was the high point of the Wars of Scottish Independence, which had begun after Edward I intervened in a disputed Scottish succession. William Wallace had led earlier resistance, winning at Stirling Bridge before being defeated and eventually executed. Scottish independence was formally acknowledged by England some years after Bannockburn, and Scotland remained a separate kingdom until the union of the crowns in 1603 and of the parliaments in 1707."
207,History,Which Scottish leader won the Battle of Stirling Bridge and was later executed by the English?,James IV,John Knox,William Wallace,Robert the Bruce,C,"William Wallace led Scottish resistance to Edward I of England in the late thirteenth century and won a famous victory at Stirling Bridge in 1297. He was later defeated at Falkirk, went into hiding and was eventually captured and executed in London in 1305. His reputation as a patriot endured and was reinforced by later poetry and, in modern times, by film. Robert the Bruce took up the struggle afterwards and secured a decisive victory at Bannockburn in 1314. James IV was a Scottish king killed at Flodden in 1513, and John Knox was a leader of the Scottish Reformation."
208,History,Which English king conquered Wales and built a ring of great castles there?,Henry VIII,William the Conqueror,Edward I,Richard the Lionheart,C,"Edward I completed the conquest of Wales in the late thirteenth century, defeating Llywelyn ap Gruffudd and annexing the Welsh principality to the English crown by the Statute of Rhuddlan in 1284. To secure his hold he built a chain of powerful castles, including Caernarfon, Conwy, Harlech and Beaumaris, which are now a World Heritage Site and rank among the finest medieval military architecture in Europe. He also began the tradition of giving the title Prince of Wales to the English monarch's eldest son. Wales was fully incorporated into the English legal and administrative system under the Tudors in the sixteenth century."
209,History,What was the Hundred Years War?,A series of crusades to the Holy Land,A civil war between English noble families,A war between England and Scotland,A long conflict between England and France,D,"The Hundred Years War was a prolonged struggle between England and France that ran, with interruptions, from 1337 to 1453. It arose from English claims to the French throne and to territories in France, and it included famous English victories at Crécy in 1346 and Agincourt in 1415, where the longbow proved devastating against armoured cavalry. Joan of Arc's intervention helped turn the tide in France's favour, and by 1453 the English had lost almost all their French possessions apart from Calais. Defeat abroad contributed to political instability at home, which soon erupted into the dynastic conflict known as the Wars of the Roses."
210,History,At which battle in 1415 did Henry V defeat a much larger French army?,Agincourt,Bosworth Field,Bannockburn,Hastings,A,"Henry V won a celebrated victory at Agincourt in 1415, where an English army, weakened by illness and heavily outnumbered, destroyed a French force on muddy ground. The English longbowmen played the decisive role, and the battle became a lasting symbol of English military achievement, immortalised by Shakespeare in his play about the king. It formed part of the Hundred Years War, which ended in 1453 with the loss of nearly all English territory in France. Hastings was fought in 1066, Bannockburn in 1314 between Scotland and England, and Bosworth Field in 1485 during the Wars of the Roses. Henry V died young a few years later, leaving his French claims to an infant son."
211,History,What weapon gave English armies a great advantage at Crécy and Agincourt?,The longbow,The musket,The cannon,The crossbow,A,"The longbow was the decisive English weapon of the Hundred Years War. A skilled archer could shoot many arrows a minute with enough force to penetrate armour at range, and massed volleys broke French cavalry charges at Crécy in 1346 and again at Agincourt in 1415. Training took years, and archery practice was encouraged by law in English villages. Crossbows were used by continental armies but shot far more slowly, and gunpowder weapons were still in their infancy, playing only a minor role in the period. The longbow's dominance faded in later centuries as firearms improved. Made of yew and standing as tall as a man, it demanded great strength as well as long practice."
212,History,What were the Wars of the Roses?,A religious war between Catholics and Protestants,A conflict between England and Wales,A civil war between the houses of Lancaster and York,A peasant uprising against taxation,C,"The Wars of the Roses were a series of civil wars fought in England from 1455 for control of the throne between two branches of the royal family, the House of Lancaster, whose symbol was a red rose, and the House of York, represented by a white rose. Decades of intermittent fighting, shifting alliances and depositions followed, weakening the nobility and destabilising the kingdom. The conflict ended in 1485 at the Battle of Bosworth Field, where Richard III was killed and Henry Tudor took the crown as Henry VII. He married Elizabeth of York, uniting the two houses, and adopted the combined Tudor rose as his emblem. Yorkshire and Lancashire still use the white and red roses respectively as their county emblems."
213,History,Which battle in 1485 ended the Wars of the Roses?,Naseby,Flodden,Bosworth Field,Agincourt,C,"The Battle of Bosworth Field in 1485 brought the Wars of the Roses to an end. Richard III, the last Yorkist king and the last English monarch to die in battle, was defeated and killed by the forces of Henry Tudor, who was crowned Henry VII and founded the Tudor dynasty. His marriage to Elizabeth of York joined the rival houses and the combined red and white Tudor rose became the emblem of the new regime. Agincourt was fought in 1415 against France, Flodden in 1513 against Scotland, and Naseby in 1645 during the English Civil War. Richard's remains were found beneath a Leicester car park in 2012 and reburied in the city's cathedral."
214,History,Which house was represented by a white rose during the Wars of the Roses?,The House of Tudor,The House of Lancaster,The House of Stuart,The House of York,D,"The white rose was the emblem of the House of York, while the House of Lancaster was associated with a red rose. The two branches of the Plantagenet royal family fought for the throne from 1455 until 1485, when Henry Tudor of the Lancastrian line defeated Richard III at Bosworth Field. Henry then married Elizabeth of York, and the Tudor rose, combining red and white, symbolised the union of the two houses and the end of the conflict. The rose remains the national emblem of England, and the names survive in the sporting rivalry between Yorkshire and Lancashire. Richard III, killed at Bosworth, was the last Yorkist king and the last English monarch to die in battle."
215,History,Who was the first monarch of the Tudor dynasty?,Henry VII,Richard III,Elizabeth I,Henry VIII,A,"Henry VII became king in 1485 after defeating Richard III at the Battle of Bosworth Field, founding the Tudor dynasty that ruled England until 1603. He strengthened royal finances, curbed the power of the nobility and their private armies, and secured his position by marrying Elizabeth of York, so joining the rival houses whose conflict had torn the country apart. His careful, cautious rule left a stable and solvent kingdom to his son Henry VIII. Elizabeth I, his granddaughter, was the last Tudor monarch, and Richard III was the Yorkist king whose death at Bosworth ended the Plantagenet line. He also restored the crown's finances, leaving a full treasury on his death in 1509."
216,History,Who wrote The Canterbury Tales?,William Caxton,Thomas More,Geoffrey Chaucer,William Shakespeare,C,"Geoffrey Chaucer wrote The Canterbury Tales in the late fourteenth century. The work presents a group of pilgrims travelling from London to the shrine of Thomas Becket at Canterbury, each telling stories along the way, and its characters range across medieval society from a knight and a prioress to a miller and a cook. Written in Middle English rather than Latin or French, it helped establish English as a language of serious literature. Chaucer is often called the father of English poetry and is buried in Westminster Abbey in what became Poets' Corner. Caxton later printed the Tales on England's first printing press."
217,History,Who set up the first printing press in England?,Thomas Cromwell,Johannes Gutenberg,William Caxton,Geoffrey Chaucer,C,"William Caxton introduced printing to England, setting up a press at Westminster in 1476 after learning the craft on the continent. Among the first works he printed were Chaucer's Canterbury Tales and accounts of the legends of King Arthur. Printing transformed the spread of ideas, making books far cheaper than hand-copied manuscripts and helping to standardise written English. Its effects were felt powerfully in the religious controversies of the following century, when printed Bibles and pamphlets carried Reformation ideas rapidly across Europe. Johannes Gutenberg had developed printing with movable type in Germany a few decades earlier. Caxton's use of the London dialect helped shape the standard written English that followed."
218,History,Who was murdered in Canterbury Cathedral in 1170 after quarrelling with Henry II?,Simon de Montfort,Thomas Becket,Thomas More,Thomas Cromwell,B,"Thomas Becket, Archbishop of Canterbury, was killed in his own cathedral in 1170 by knights who believed they were acting on the wishes of King Henry II. The quarrel had arisen over the respective powers of the church and the crown, particularly the trial of clergy accused of crimes. Becket was quickly declared a saint and his shrine became one of the great pilgrimage destinations of medieval Europe, the goal of the pilgrims in Chaucer's Canterbury Tales. Thomas More and Thomas Cromwell were executed under Henry VIII in the sixteenth century, in very different circumstances. Henry II later did public penance at the tomb, and the shrine drew pilgrims for centuries."
219,History,What was the Statute of Rhuddlan of 1284?,A law abolishing serfdom,A treaty ending war with Scotland,Legislation annexing the principality of Wales to the English crown,A charter granting rights to English barons,C,"The Statute of Rhuddlan, issued by Edward I in 1284 after his conquest of Wales, brought the Welsh principality under the English crown and introduced English administrative and legal arrangements in much of the country. It followed the defeat and death of Llywelyn ap Gruffudd, the last native Prince of Wales, and was reinforced by a ring of great royal castles. Welsh law and custom survived in some areas for generations. Full legal integration came under Henry VIII in the sixteenth century, when legislation united Wales with England, gave Wales representation in Parliament and made English the language of administration."
220,History,What was 'the Pale' in medieval Ireland?,The Irish parliament in Belfast,A monastery founded by St Patrick,A tax levied on Irish farmers,The area around Dublin under direct English control,D,"The Pale was the region around Dublin where English rule in Ireland was effective and English law and custom prevailed, in contrast to the rest of the island where Gaelic lords retained a large measure of independence. Its boundaries shifted over time as English authority expanded or contracted. The expression 'beyond the pale', meaning outside the bounds of acceptable behaviour, derives from it. English involvement in Ireland had begun in the twelfth century under Henry II, and successive attempts at conquest and colonisation followed, culminating in the plantations of the sixteenth and seventeenth centuries and centuries of conflict. Beyond it, English authority depended heavily on the cooperation of Gaelic and Anglo-Irish lords."
221,History,"In the Middle Ages, which industry was the mainstay of English overseas trade?",Cotton spinning,Shipbuilding,Coal mining,Wool and cloth,D,"Wool was the foundation of England's medieval wealth. Raw wool was exported in large quantities to the cloth-making towns of Flanders and Italy, and taxes on the trade formed a major source of royal revenue, which is why the Lord Chancellor traditionally sat on a woolsack in the House of Lords. In time England developed its own cloth industry, and finished cloth replaced raw wool as the principal export. Fine 'wool churches' built by prosperous merchants still stand in East Anglia and the Cotswolds. Coal, shipbuilding and cotton became major industries much later, during the industrial revolution. The Cistercian monasteries of Yorkshire were among the greatest wool producers of medieval England."
222,History,What is Parliament's origin traced to in the medieval period?,A body elected by all adults,An assembly of bishops appointed by the Pope,"Councils of nobles and, later, representatives of towns and counties advising the king",A court created by the Norman conquest to try criminals,C,"Parliament grew out of the councils of leading nobles and churchmen whom medieval kings summoned for advice and, crucially, for consent to taxation. During the thirteenth century these gatherings began to include knights representing the counties and burgesses representing the towns, broadening participation well beyond the great magnates. Simon de Montfort's parliament of 1265 was an early example. Over time the assembly divided into two chambers, with nobles and bishops forming the House of Lords and the representatives of counties and boroughs forming the House of Commons. The principle that the crown needed consent for taxation proved decisive in later constitutional struggles."
223,History,Which two houses had Parliament divided into by the end of the medieval period?,The House of Lords and the House of Commons,The Upper Court and the Lower Court,The Council and the Assembly,The House of Kings and the House of Barons,A,"By the later Middle Ages Parliament had settled into two chambers. The House of Lords consisted of the nobility and senior clergy, who attended by right of rank or office, while the House of Commons was made up of knights of the shire and burgesses sent by the counties and towns. The Commons, controlling consent to taxation, gradually became the more powerful of the two, a shift confirmed over the following centuries and completed by reforms in the nineteenth and twentieth. The structure of two chambers survives today, with the Commons elected and the Lords now composed mainly of appointed life peers."
224,History,What were the Crusades?,Rebellions against feudal landlords,Military expeditions by European Christians to the Middle East,Viking raids on English monasteries,Wars between England and Scotland,B,"The Crusades were a series of military expeditions launched by Christian rulers in Europe from the late eleventh century onwards, aimed at capturing and holding Jerusalem and other places in the Middle East regarded as holy. English kings and nobles took part, most famously Richard I, known as Richard the Lionheart, who campaigned against Saladin and spent very little of his reign in England. The Crusades brought Europeans into sustained contact with the Islamic world, influencing trade, learning and technology, while leaving a bitter legacy of conflict. They also placed heavy financial burdens on the kingdoms that supported them. The taxation needed to finance them fell heavily on England and caused lasting resentment."
225,History,Which English king is known as Richard the Lionheart?,Henry V,Richard II,Richard III,Richard I,D,"Richard I, who reigned at the end of the twelfth century, earned the name Lionheart for his reputation as a soldier, particularly during the Third Crusade, where he campaigned against Saladin. He spent almost his entire reign abroad on crusade or defending his French possessions, and was once held for ransom on his return journey, an enormous sum being raised in England to free him. Richard II was deposed in 1399, and Richard III was killed at Bosworth in 1485. A statue of Richard I on horseback stands outside the Houses of Parliament in London. He is remembered as a formidable soldier, but spent barely six months of his reign in England."
226,History,What happened to serfdom in England after the Black Death?,It remained unchanged until the nineteenth century,It was strengthened and extended,It gradually declined as labour became scarce and wages rose,It was formally abolished by Magna Carta,C,"The huge loss of life caused by the plague from 1348 left far fewer workers to farm the land, and those who survived found themselves in a much stronger bargaining position. Labourers could demand higher wages or move to landlords who offered better terms, despite legislation attempting to hold pay at earlier levels. Over the following century the obligations of serfdom withered, replaced by money rents and paid labour, and the feudal structure established after the Norman Conquest gradually gave way. Resentment at attempts to enforce the old order contributed directly to the Peasants' Revolt of 1381, one of the most dramatic episodes of the period."
227,History,Which medieval English king was defeated and killed at Bosworth Field?,Henry VI,Richard III,Edward IV,Henry IV,B,"Richard III was killed at the Battle of Bosworth Field in 1485, the last English king to die in battle and the last of the Plantagenet line. He had taken the throne two years earlier in disputed circumstances following the death of his brother Edward IV, and the fate of Edward's young sons, the Princes in the Tower, has been debated ever since. His defeat by Henry Tudor ended the Wars of the Roses and began the Tudor dynasty. His remains were discovered beneath a car park in Leicester in 2012 and reburied in the city's cathedral. Shakespeare's play fixed his villainous reputation for centuries, though historians still debate his record."
228,History,What role did guilds play in medieval towns?,They collected taxes for the Pope,"They regulated trades, set standards and trained apprentices",They governed the church,They commanded the king's armies,B,"Guilds were associations of merchants or craftsmen that controlled particular trades within a town. They set standards of workmanship and price, restricted who could practise the trade, oversaw the training of apprentices, and often provided support for members and their families in hardship. Their halls were among the grandest buildings in many towns, and guilds frequently played a leading role in civic government and in staging religious plays. The system gave urban crafts stability and status but was later criticised for restricting competition, and it declined as industry expanded beyond the towns in the centuries that followed. Many guild halls survive, and the livery companies of the City of London descend directly from them."
229,History,Which language did the ruling class in England mainly speak in the centuries after the Norman Conquest?,Old Norse,Welsh,Norman French,Latin only,C,"For roughly three centuries after 1066 the king, the nobility and the royal court spoke Norman French, while Latin was the language of the church, of scholarship and of formal records, and the mass of the population continued to speak English. The three languages coexisted, and English absorbed an enormous amount of French and Latin vocabulary as a result, which is why the language often has several words for similar ideas. English gradually reasserted itself in government and literature during the fourteenth century, helped by the long conflict with France, and Chaucer's decision to write The Canterbury Tales in English marked its arrival as a literary language."
230,History,Which medieval institution was responsible for most education and record keeping?,The church,The royal army,Town councils,The guilds,A,"The church dominated learning throughout the Middle Ages. Monasteries and cathedrals maintained libraries, copied manuscripts and ran schools, and clergy staffed royal administration because they were among the few who could read and write. Latin was the language of scholarship, and the universities of Oxford and Cambridge grew out of this clerical world in the twelfth and thirteenth centuries. Chroniclers such as Bede, and later monastic annalists, produced the historical records on which much of our knowledge depends. Guilds trained craftsmen in practical skills, but formal education and the keeping of records remained overwhelmingly a clerical preserve. Literacy outside the church remained rare until the later growth of towns and trade."
231,History,Which universities were founded in England during the Middle Ages?,London and Durham,Manchester and Leeds,Oxford and Cambridge,Bristol and Exeter,C,"Oxford and Cambridge are the two oldest universities in England, both emerging in the twelfth and thirteenth centuries out of communities of scholars and clergy. Teaching was conducted in Latin and centred on theology, law, medicine and the liberal arts, and colleges were endowed by wealthy patrons to house and support students. Scotland founded several universities in the following centuries, including St Andrews, Glasgow, Aberdeen and Edinburgh. Most other British universities are far more recent: London and Durham date from the nineteenth century, and the great civic universities of Manchester, Leeds, Birmingham and Liverpool grew from the industrial cities. Both are still organised as federations of self-governing colleges, a structure inherited from that era."
232,History,What was chivalry in the medieval period?,A tax paid by landowners,A form of church service,A code of conduct expected of knights,A system of crop rotation,C,"Chivalry was the code of behaviour associated with knighthood, emphasising courage, loyalty to one's lord, honour in combat, protection of the weak and courtesy, particularly towards women of noble rank. It developed alongside the culture of tournaments, heraldry and courtly literature, and it shaped how the warrior aristocracy understood itself, even if practice often fell far short of the ideal. Orders of chivalry were founded to embody it, including the Order of the Garter, established by Edward III and still the senior order of knighthood in Britain. The Arthurian legends, retold throughout the period, gave chivalry its most enduring literary expression."
233,History,"Which order of chivalry, founded by Edward III, remains the most senior in Britain?",The Order of the British Empire,The Order of Merit,The Order of the Bath,The Order of the Garter,D,"The Order of the Garter was founded by Edward III in the fourteenth century and remains the most senior order of chivalry in the United Kingdom. Membership is limited to the monarch, the Prince of Wales and a small number of companions chosen personally by the sovereign, with services held at St George's Chapel, Windsor. Its motto, in Norman French, translates roughly as 'shame on him who thinks evil of it'. The Order of the Bath and the Order of the British Empire are later foundations; the latter, created in the twentieth century, is the one most commonly awarded today in the honours lists."
234,History,What is a motte and bailey castle?,A Roman fort surrounded by a ditch,A Viking longhouse settlement,An early Norman castle with a mound and an enclosed courtyard,A fortified monastery,C,"The motte and bailey was the standard Norman castle design in the decades after 1066. A motte was a large earth mound topped by a wooden tower or keep, and the bailey was an enclosed courtyard below it, protected by a ditch and palisade, containing halls, stables and workshops. Such castles could be thrown up quickly with forced local labour, which made them ideal for holding down a newly conquered country. Many were later rebuilt in stone, producing the great fortresses that survive today. The earthworks of hundreds of these castles can still be traced across the British landscape. Both the Tower of London and Windsor Castle began as fortifications of broadly this kind."
235,History,"Which king of England claimed the French throne, beginning the Hundred Years War?",John,Richard III,Henry II,Edward III,D,"Edward III pressed a claim to the French crown through his mother, and his assertion of that claim in 1337 opened the long conflict known as the Hundred Years War. English armies won notable victories during his reign, including Crécy in 1346 and the capture of Calais, and his son, the Black Prince, triumphed at Poitiers. The war continued intermittently under later kings, reaching another high point at Agincourt under Henry V in 1415, before the tide turned and the English were expelled from almost all of France by 1453. Edward III also founded the Order of the Garter. He reigned for fifty years, one of the longest reigns in English medieval history."
236,History,What was the significance of the longbow in medieval English society?,It was used only for hunting,It was banned by Magna Carta,Regular archery practice was encouraged by law to maintain a skilled force,It was reserved for the nobility,C,"Because the longbow required years of practice to use effectively, English kings encouraged and at times required men to practise archery regularly, and other sports were sometimes discouraged so that the skill would not be lost. This produced a large body of trained archers drawn from ordinary villagers rather than from the aristocracy, and their massed volleys proved decisive at Crécy, Poitiers and Agincourt during the Hundred Years War. The weapon's importance therefore extended beyond the battlefield into everyday life and law. Its dominance ended only when firearms became reliable and cheap enough to arm large numbers of soldiers. Villages maintained butts for shooting practice, and men were expected by law to own a bow."
237,History,Who were the Princes in the Tower?,The young sons of Edward IV who disappeared in 1483,The sons of Henry VIII,Two Norman lords imprisoned by William I,Scottish hostages held by Edward I,A,"The Princes in the Tower were Edward V and his younger brother Richard, the sons of Edward IV. After their father's death in 1483 they were lodged in the Tower of London while their uncle acted as protector, and they were never seen again. Their uncle took the throne as Richard III, and suspicion has attached to him ever since, though other explanations have been argued and the case remains unresolved. The episode contributed to the instability of the final years of the Wars of the Roses, which ended with Richard's death at Bosworth Field in 1485 and the accession of Henry VII."
238,History,Which region of France remained in English hands after the Hundred Years War ended in 1453?,Normandy,Aquitaine,Brittany,Calais,D,"By the end of the Hundred Years War in 1453 the English had been driven out of almost all their French territories, retaining only the port of Calais and its immediate surroundings. Calais was valuable as a bridgehead and as the staple through which English wool exports passed, and it was held for another century before finally falling to France in 1558, during the reign of Mary I. Normandy and Aquitaine, long associated with the English crown through inheritance and marriage, were lost during the war's final phase. The loss of continental possessions turned English attention increasingly towards the sea."
239,History,Which of these was a consequence of the Norman Conquest for the English language?,English became the official language of the church,English adopted the Latin alphabet for the first time,English was replaced entirely by French,A large number of French words entered English,D,"The arrival of a French-speaking ruling class after 1066 introduced thousands of French words into English, particularly in areas connected with government, law, warfare, religion and cookery. English survived as the speech of the majority and re-emerged as the language of government and literature during the fourteenth century, but it had been permanently enriched, which is why the language often has both a plain word of Germanic origin and a more formal one from French or Latin. The church continued to use Latin, and English had been written in the Latin alphabet since the Anglo-Saxon conversion centuries earlier. Words such as government, justice, beef and mutton all entered English in this way."
240,History,What was a mystery play in medieval England?,A trial held in secret by the church,A religious drama performed by town guilds,A detective story told by travelling minstrels,A ceremony marking the crowning of a king,B,"Mystery plays were religious dramas staged in medieval towns, usually by the craft guilds, presenting stories from the Bible in cycles that could occupy a whole day or more. They were performed in English rather than Latin, often on moveable wagons that travelled between playing places, and they combined instruction with broad comedy. Cycles from York, Chester and Wakefield survive and are still occasionally revived. Such plays were an important part of civic life and of popular religious education at a time when few people could read, and they form a significant stage in the development of English drama before the Elizabethan theatre."
241,History,Which English king ruled at the time of the Peasants' Revolt?,Henry IV,Edward III,Richard II,Henry V,C,"Richard II was king in 1381 when the Peasants' Revolt broke out. He had come to the throne as a child and was still only fourteen at the time of the rising, but he rode out to meet the rebels and, after the killing of Wat Tyler, persuaded them to disperse with promises that were not kept. The revolt was suppressed with considerable severity in the weeks that followed. Richard's later reign became increasingly autocratic, and he was deposed in 1399 by Henry Bolingbroke, who became Henry IV, an event that contributed to the dynastic quarrels culminating in the Wars of the Roses."
242,History,What did the medieval expression 'benefit of clergy' allow?,Monasteries to hold land free of rent,Priests to marry without penalty,Clergy accused of crimes to be tried in church courts rather than royal courts,The church to collect taxes directly,C,"Benefit of clergy allowed members of the clergy accused of offences to be tried in church courts, which could not impose the death penalty, rather than in the king's courts. The privilege was a source of friction between crown and church and lay behind the bitter quarrel between Henry II and Thomas Becket that ended with the archbishop's murder in Canterbury Cathedral in 1170. In practice the privilege was gradually extended to anyone who could read a verse of scripture, and it was progressively restricted and finally abolished in later centuries as royal justice was consolidated. Its abuse became notorious, since a memorised verse of scripture could be enough to claim it."
243,History,Which castle built by Edward I in Wales is particularly associated with the investiture of Princes of Wales?,Beaumaris,Harlech,Conwy,Caernarfon,D,"Caernarfon Castle in north-west Wales, built by Edward I after his conquest in the late thirteenth century, is the most imposing of his Welsh fortresses and has been used for ceremonies investing the monarch's eldest son as Prince of Wales, notably in 1911 and 1969. Its banded stonework and polygonal towers were designed to impress as much as to defend. Harlech, Conwy and Beaumaris were part of the same programme of castle building and, together with Caernarfon, form a World Heritage Site. They remain among the finest surviving examples of medieval military architecture anywhere in Europe. The castle's walls also enclose the town, a deliberate statement of English power in Wales."
244,History,What happened to the power of the nobility during the Wars of the Roses?,The nobility was abolished entirely,Noble titles were given to merchants instead,The nobility gained complete control of the monarchy,Many noble families were weakened or destroyed by the fighting,D,"Decades of civil war between the houses of Lancaster and York killed many members of the leading noble families in battle or by execution, and repeated changes of regime brought confiscations of land from those on the losing side. By the time Henry VII took the throne in 1485, the old aristocracy had been substantially weakened, and he further curbed its power by restricting private armies and enforcing royal justice. This shift helped the Tudor monarchs establish unusually strong central authority in the sixteenth century, which in turn shaped the religious and political changes of Henry VIII's reign and afterwards."
245,History,Which of these was a major medieval pilgrimage destination in England?,Hadrian's Wall,The shrine of Thomas Becket at Canterbury,The Tower of London,Stonehenge,B,"The shrine of Thomas Becket at Canterbury Cathedral was among the most important pilgrimage destinations in medieval Europe, attracting visitors from across the continent after his murder there in 1170 and swift canonisation. Pilgrims came seeking healing, forgiveness or simply the merit of the journey, and Chaucer's Canterbury Tales takes such a pilgrimage as its frame. The shrine was destroyed during the Reformation under Henry VIII, when pilgrimage was suppressed and monastic wealth seized. Stonehenge was prehistoric, the Tower of London was a royal fortress, and Hadrian's Wall was a Roman frontier work. Other great English shrines included Walsingham in Norfolk and the tomb of St Cuthbert at Durham."
246,History,How did medieval kings mainly raise money for wars?,By printing banknotes,By selling land to foreign powers,"By taxation, which increasingly required the consent of Parliament",By levying income tax on wages,C,"Medieval kings financed warfare largely through taxation, supplemented by customs duties, feudal dues and loans from merchants and bankers. Because extraordinary taxes required the agreement of those who would pay them, kings summoned parliaments to obtain consent, and this need gave Parliament its leverage: grants of money could be traded for redress of grievances. The pattern established in the Middle Ages proved decisive in later constitutional struggles, above all in the seventeenth century, when disputes over taxation without consent helped bring about civil war. Income tax on wages is a much later invention, introduced during the wars against France around 1800."
247,History,Which Scottish king is said to have united the Picts and the Scots?,Kenneth MacAlpin,James VI,Malcolm III,Robert the Bruce,A,"Kenneth MacAlpin is traditionally credited with uniting the Picts and the Scots in the ninth century to form the kingdom that became Scotland, at a time when Viking pressure was reshaping the politics of northern Britain. The details are obscure and the story has been elaborated by later tradition, but his reign is conventionally treated as a starting point for the Scottish monarchy. Robert the Bruce secured independence from England at Bannockburn in 1314, Malcolm III ruled in the eleventh century, and James VI of Scotland inherited the English throne in 1603 as James I, uniting the two crowns. The kingdom associated with him was known as Alba, the Gaelic name for Scotland."
248,History,What does the term 'Middle Ages' refer to in British history?,The eighteenth and nineteenth centuries,The period roughly between the Norman Conquest and the Tudor age,The period since the Second World War,The years of Roman occupation,B,"The Middle Ages, or medieval period, covers roughly the centuries between the end of the ancient world and the beginning of the early modern era. In British terms it is usually taken to run from the Norman Conquest of 1066, or sometimes from the Anglo-Saxon settlement, until the accession of the Tudors in 1485 or the Reformation of the sixteenth century. It encompasses the growth of Parliament, Magna Carta, the wars with France, Scotland and Wales, the Black Death, and the flowering of cathedral building. The period that follows is generally called the early modern era, beginning with the Tudors."
249,History,How many wives did Henry VIII have?,Six,Four,Eight,Two,A,"Henry VIII married six times, and the rhyme 'divorced, beheaded, died, divorced, beheaded, survived' is the usual way of remembering their fates. Catherine of Aragon was divorced after failing to produce a surviving son, Anne Boleyn was executed, Jane Seymour died shortly after giving birth to the future Edward VI, Anne of Cleves was divorced quickly, Catherine Howard was executed, and Catherine Parr outlived him. The desperate search for a male heir shaped the politics of his reign and led directly to the break with Rome, since the Pope would not annul his first marriage. Three of his children eventually reigned: Edward VI, Mary I and Elizabeth I, and with Elizabeth's death the Tudor line ended."
250,History,Why did Henry VIII break with the Roman Catholic Church?,He wished to join the Lutheran church in Germany,Parliament voted to abolish Catholicism,He was excommunicated for refusing to pay taxes to Rome,The Pope refused to annul his marriage to Catherine of Aragon,D,"Henry VIII wanted his marriage to Catherine of Aragon annulled so that he could marry Anne Boleyn and father a male heir, but the Pope refused to grant it. Henry responded by breaking with Rome and having Parliament declare him Supreme Head of the Church in England, a step confirmed by the Act of Supremacy. The English church thus became independent of papal authority, although in Henry's own lifetime its doctrine remained largely traditional. The consequences were enormous: the monasteries were dissolved and their wealth seized, those who refused to accept the new arrangement, including Sir Thomas More, were executed, and England was set on the path that led to a Protestant national church."
251,History,What was the dissolution of the monasteries?,The closure of monasteries and the seizure of their wealth by the crown,The founding of new abbeys across England,A papal decree reorganising English dioceses,A reform allowing monks to marry,A,"Following the break with Rome, Henry VIII closed the monasteries of England, Wales and Ireland during the later 1530s, taking their lands, buildings and treasures into royal hands. The process was directed by Thomas Cromwell and transferred enormous wealth to the crown, much of which was sold on to nobles and gentry, creating a powerful group with a direct interest in preventing any Catholic restoration. Monastic hospitals, schools and charity for the poor disappeared with them, and the ruins of great abbeys such as Fountains and Tintern remain among the most striking sights in the British landscape. Resistance in the north, known as the Pilgrimage of Grace, was suppressed with severity."
252,History,Who was Henry VIII's chief minister during the break with Rome and the dissolution of the monasteries?,Thomas Cromwell,Thomas More,Thomas Becket,Cardinal Pole,A,"Thomas Cromwell rose to become Henry VIII's principal minister and organised both the legal break with Rome and the dissolution of the monasteries, using Parliament to give statutory force to the new order. He was an able administrator who reshaped royal government, but he fell from favour after arranging the king's disastrous marriage to Anne of Cleves and was executed in 1540. Sir Thomas More, an earlier Lord Chancellor, took the opposite course, refusing to accept the king's supremacy over the church and being executed for it in 1535. Both men's careers illustrate how dangerous high office could be at the Tudor court."
253,History,Who was executed in 1535 for refusing to accept Henry VIII as Supreme Head of the Church?,Thomas Cranmer,Thomas Cromwell,Cardinal Wolsey,Sir Thomas More,D,"Sir Thomas More, a scholar, lawyer and author of the book Utopia, served as Lord Chancellor but resigned rather than endorse the king's divorce and the royal supremacy over the church. He refused to swear the required oath, was convicted of treason and was beheaded in 1535, declaring himself the king's good servant but God's first. He was later canonised by the Roman Catholic Church. Cardinal Wolsey, an earlier chief minister, fell from power for failing to obtain the annulment and died before trial. Thomas Cranmer, Archbishop of Canterbury, supported the break with Rome and was himself burned at the stake under Mary I."
254,History,Which of Henry VIII's ships was raised from the Solent in 1982?,The Victory,The Revenge,The Mary Rose,The Golden Hind,C,"The Mary Rose was a warship of Henry VIII's navy that sank in the Solent in 1545 while engaging a French fleet, with heavy loss of life. Her remains were located and the surviving hull was raised in 1982 in a pioneering feat of marine archaeology. Preserved in Portsmouth along with thousands of Tudor objects recovered from the wreck, she offers an unmatched picture of shipboard life and warfare in the sixteenth century. The Golden Hind was Francis Drake's ship, in which he circumnavigated the globe, while HMS Victory was Nelson's flagship at Trafalgar in 1805 and is also preserved at Portsmouth."
255,History,Under which Tudor monarch was Wales formally united with England in law?,Henry VIII,Henry VII,Elizabeth I,Mary I,A,"Legislation passed during the reign of Henry VIII in the 1530s and 1540s, usually called the Laws in Wales Acts, formally annexed Wales to England, extended English law across the whole country and gave Welsh counties and boroughs representation in the Westminster Parliament. English became the language of administration and the courts, which had lasting consequences for the Welsh language even though most people continued to speak it. Edward I had conquered Wales in the thirteenth century and annexed the principality by the Statute of Rhuddlan in 1284, but the Tudor legislation completed the legal integration. The Tudors themselves were a family of Welsh descent."
256,History,Who succeeded Henry VIII on the throne?,Mary I,Elizabeth I,James I,Edward VI,D,"Edward VI, Henry VIII's only surviving legitimate son and the child of Jane Seymour, came to the throne in 1547 as a boy of nine and reigned for only six years before dying in his teens. Because of his youth the country was governed by councillors acting as protectors, and under their direction the English church moved in a decisively Protestant direction, with the introduction of the Book of Common Prayer in English. His death brought his elder half-sister Mary I to the throne, who attempted to restore Catholicism, and she was followed in 1558 by Elizabeth I, the last of the Tudor monarchs."
257,History,What was the Book of Common Prayer?,A collection of medieval hymns from Rome,A record of royal marriages,A Latin manual for monks,A prayer book in English introduced for use in churches,D,"The Book of Common Prayer set out the services of the English church in English rather than Latin and was introduced during the reign of Edward VI, largely through the work of Thomas Cranmer, Archbishop of Canterbury. Its purpose was to give the whole country a single form of worship that ordinary people could understand and follow. Revised at several points, notably after the Restoration in 1662, it shaped English religious practice for centuries and its language has had a deep influence on the English tongue, contributing many familiar phrases. Its imposition provoked resistance in some regions, including a serious rebellion in the West Country."
258,History,Which queen attempted to restore Roman Catholicism and became known as 'Bloody Mary'?,Anne Boleyn,Mary I,Elizabeth I,"Mary, Queen of Scots",B,"Mary I, the daughter of Henry VIII and Catherine of Aragon, came to the throne in 1553 and set about reversing the religious changes of the previous two reigns, restoring papal authority and Catholic worship. Several hundred Protestants who refused to conform were burned at the stake, including Archbishop Thomas Cranmer, which earned her the nickname 'Bloody Mary' in later Protestant accounts. Her marriage to Philip II of Spain was unpopular, and the loss of Calais, England's last possession in France, in 1558 was a humiliation. She died childless later that year, and her half-sister Elizabeth I restored the Protestant settlement."
259,History,In which year was the Spanish Armada defeated?,1588,1603,1666,1485,A,"The Spanish Armada, a great invasion fleet sent by Philip II of Spain, was defeated in 1588 during the reign of Elizabeth I. English ships, which were faster and more manoeuvrable, harried the Spanish formation in the Channel and used fireships to break it up off Calais, after which storms drove many Spanish vessels to destruction around the coasts of Scotland and Ireland. The victory did not end the war with Spain but it dramatically boosted English confidence and Elizabeth's prestige, and it became one of the founding stories of English naval tradition. The queen's speech to her troops at Tilbury is among the best remembered in British history."
260,History,Which English sailor sailed around the world and played a leading part against the Spanish Armada?,Sir Francis Drake,Sir Robert Peel,Sir Walter Raleigh,Captain James Cook,A,"Sir Francis Drake completed a circumnavigation of the globe in his ship the Golden Hind between 1577 and 1580, returning laden with treasure taken from Spanish ships and settlements, and was knighted by Elizabeth I on his return. He was one of the commanders who fought the Spanish Armada in 1588, and the story that he insisted on finishing a game of bowls before sailing is part of national legend. Sir Walter Raleigh was another Elizabethan adventurer, associated with early attempts to settle Virginia. James Cook was an eighteenth-century navigator who charted the Pacific, and Robert Peel was a nineteenth-century prime minister."
261,History,Which Elizabethan explorer is associated with early English attempts to settle Virginia?,Sir Francis Drake,Sir Walter Raleigh,Sir Francis Bacon,Sir Humphrey Gilbert,B,"Sir Walter Raleigh, a courtier, soldier and writer favoured by Elizabeth I, sponsored voyages to North America in the 1580s that attempted to establish an English colony in the region named Virginia in the queen's honour. The settlement at Roanoke failed and its colonists vanished, an episode still known as the Lost Colony. Raleigh is popularly credited with helping to popularise tobacco and the potato in England. He later fell from favour, was imprisoned in the Tower and was eventually executed under James I. Permanent English settlement in North America began at Jamestown in 1607, after Elizabeth's death. Virginia later became one of the founding colonies of British North America."
262,History,Who was the last monarch of the Tudor dynasty?,Henry VIII,Mary I,Edward VI,Elizabeth I,D,"Elizabeth I reigned from 1558 until her death in 1603 and was the last of the Tudors. She established a lasting religious settlement that made England Protestant while avoiding the extremes of the previous two reigns, and her long rule brought a measure of stability after decades of upheaval. Her reign saw the defeat of the Spanish Armada, the beginnings of English overseas exploration and colonisation, and a remarkable flowering of literature and drama associated with Shakespeare, Marlowe and Spenser. She never married and left no children, so the throne passed to her cousin's son, James VI of Scotland, who became James I of England."
263,History,What was the Elizabethan religious settlement?,An agreement allowing all religions equal status,A compromise establishing a Protestant Church of England with the queen as its governor,A treaty restoring papal authority in England,A decision to abolish bishops entirely,B,"On coming to the throne in 1558 Elizabeth I sought to end the violent religious swings of the previous reigns. The settlement she and her Parliament produced restored an independent Church of England with the queen as its Supreme Governor rather than Supreme Head, retained bishops and much traditional structure, and prescribed a revised Book of Common Prayer. It was deliberately broad enough to accommodate a range of opinion, though Catholics who refused to attend church faced fines and, later, harsher penalties as political tensions with Spain grew. The arrangement proved durable and remains the basis of the Church of England's position today."
264,History,"Who was Mary, Queen of Scots?",A Catholic queen of Scotland executed on Elizabeth I's orders,The first wife of Henry VIII,The daughter of Henry VIII who restored Catholicism in England,A Welsh princess who married Henry VII,A,"Mary, Queen of Scots, became queen of Scotland as an infant and was brought up in France. A Catholic in an increasingly Protestant Scotland, she faced rebellion, was forced to abdicate in favour of her infant son James, and fled to England seeking Elizabeth I's protection. Because she had a strong claim to the English throne, she became the focus of Catholic plots and was held in captivity for nearly twenty years before being executed in 1587 for her alleged part in a conspiracy against Elizabeth. Her son succeeded to the English throne in 1603 as James I, uniting the crowns of England and Scotland."
265,History,"Who led the Reformation in Scotland, establishing a Protestant church there?",Thomas Cranmer,John Wesley,Martin Luther,John Knox,D,"John Knox was the driving force of the Scottish Reformation, preaching a Calvinist doctrine and helping to establish a Protestant church in Scotland in 1560. The Church of Scotland that emerged was presbyterian in organisation, governed by ministers and elders through assemblies rather than by bishops, which distinguished it sharply from the Church of England. This difference in church government later became a source of serious political conflict, contributing to the wars of the seventeenth century. Thomas Cranmer led reform in England, Martin Luther began the Reformation in Germany, and John Wesley founded Methodism in the eighteenth century. Knox's followers also established a national system of parish schools that shaped Scottish education."
266,History,Which German monk's protest in 1517 began the Reformation in Europe?,John Calvin,Martin Luther,Erasmus,John Knox,B,"Martin Luther, a German monk and scholar, challenged the practices and authority of the Roman Catholic Church in 1517, most famously over the sale of indulgences, and his protest grew into the movement known as the Reformation. Aided by the printing press, Luther's ideas spread rapidly across Europe and led to the emergence of Protestant churches independent of Rome. The movement had profound political consequences, including in England, where Henry VIII's own break with Rome had different motives but drew on the same climate of religious change. John Calvin developed a distinct Protestant theology in Geneva that strongly influenced Scotland."
267,History,"What was the Globe, associated with William Shakespeare?",A ship used to explore the Americas,A royal palace on the Thames,A theatre in London where his plays were performed,A map of the world made for Elizabeth I,C,"The Globe was an open-air playhouse on the south bank of the Thames in London, built in 1599 and closely associated with William Shakespeare, who was a shareholder as well as a playwright and actor in the company that performed there. Audiences of all classes attended, with the poorest standing in the yard around the stage. The original building burned down during a performance in 1613 when a cannon set the thatch alight. A careful modern reconstruction, Shakespeare's Globe, opened near the original site in the 1990s and stages plays in conditions close to those of the Elizabethan theatre. Plays were staged in daylight with minimal scenery, and all the parts were played by men and boys."
268,History,Which of these plays was written by William Shakespeare?,Paradise Lost,Hamlet,Pride and Prejudice,The Canterbury Tales,B,"Hamlet is one of Shakespeare's tragedies, alongside Macbeth, King Lear and Othello, and it contains some of the best known lines in the English language. Shakespeare wrote around thirty-seven plays as well as sonnets and longer poems, working in London during the reigns of Elizabeth I and James I, and he is generally regarded as the greatest writer in English. Paradise Lost is an epic poem by John Milton written in the seventeenth century, The Canterbury Tales is Chaucer's fourteenth-century work, and Pride and Prejudice is a novel by Jane Austen published in 1813. His comedies and histories, from Twelfth Night to Henry V, are performed as widely as the tragedies."
269,History,In which town was William Shakespeare born?,Bath,Canterbury,Stratford-upon-Avon,Oxford,C,"William Shakespeare was born in Stratford-upon-Avon in Warwickshire in 1564 and died there in 1616. He moved to London to work in the theatre, writing and acting with the company later known as the King's Men and holding a share in the Globe playhouse, before retiring to his home town. Stratford is now a major centre of literary tourism, with his birthplace, his burial place in Holy Trinity Church and the theatres of the Royal Shakespeare Company all drawing visitors from around the world. His plays have been translated into more languages and performed more widely than those of any other dramatist."
270,History,What is the Golden Hind?,The vessel that carried the Pilgrim Fathers to America,"Henry VIII's flagship, which sank in the Solent",The ship in which Francis Drake sailed around the world,A Viking longship found in Norway,C,"The Golden Hind was the ship in which Sir Francis Drake completed the first English circumnavigation of the globe between 1577 and 1580, returning with a vast quantity of treasure captured from Spanish possessions. Elizabeth I knighted him aboard the vessel at Deptford. The voyage demonstrated English seafaring capability and deepened the rivalry with Spain that culminated in the Armada of 1588. The Mary Rose was Henry VIII's warship, which sank in 1545 and was raised in 1982, and the Mayflower carried the Pilgrim Fathers to North America in 1620, during the reign of James I. A full-size reconstruction of the ship has been built and can be visited in London."
271,History,What happened to English possessions in France during Mary I's reign?,"Calais, the last English territory in France, was lost",Paris was occupied by English forces,Normandy was recaptured,Aquitaine was returned to England by treaty,A,"Calais had been held by England since the Hundred Years War and was the last remaining English possession on the French mainland, valued both as a military bridgehead and as the port through which wool exports passed. It fell to French forces in 1558, during the reign of Mary I, whose marriage to Philip II of Spain had drawn England into war with France. The loss was a severe blow to national prestige, and Mary is said to have remarked that Calais would be found written on her heart. England never again held territory on the French mainland, and attention turned increasingly to the sea and to overseas trade."
272,History,What were the Poor Laws introduced in the Tudor period intended to do?,Abolish taxation on the wealthy,Prevent the building of new towns,Require the poor to join the army,Make parishes responsible for relieving the poor,D,"During the sixteenth century the numbers of the poor and of wandering beggars rose sharply, partly because the monasteries that had provided charity were dissolved and partly because of population growth, enclosure and rising prices. A series of measures culminating in the Elizabethan Poor Law made each parish responsible for relieving those unable to support themselves, funded by a local rate, while punishing those judged to be idle. The system distinguished between the impotent poor and the able-bodied, and it remained the framework for relief in England for more than two centuries until reformed in the nineteenth century. Overseers of the poor were appointed in each parish to collect the rate and distribute relief."
273,History,Which Tudor monarch was known for establishing the Church of England's independence from Rome?,Edward VI,Henry VII,Mary I,Henry VIII,D,"Henry VIII broke England's ties with the papacy in the 1530s after the Pope refused to annul his marriage to Catherine of Aragon. Acts of Parliament declared him Supreme Head of the Church in England, ended appeals to Rome and transferred to the crown the revenues previously paid to the papacy. Doctrine changed relatively little during his own lifetime, and Henry regarded himself as a Catholic without a pope, but the break opened the way for genuinely Protestant reform under his son Edward VI. Mary I reversed the changes temporarily, and Elizabeth I restored an independent Protestant church in 1558."
274,History,What did the Act of Supremacy establish?,The monarch as head of the Church in England,The supremacy of Parliament over the monarch,The union of England and Scotland,The independence of the courts from the crown,A,"The Act of Supremacy, passed by Parliament in 1534, declared Henry VIII to be Supreme Head of the Church in England, severing the authority of the Pope over the English church. It was the legal foundation of the English Reformation and was enforced by requiring office-holders to swear an oath acknowledging the king's position, a demand that cost Sir Thomas More and others their lives. The Act was repealed under the Catholic Mary I and replaced by a further Act under Elizabeth I, which made the sovereign Supreme Governor rather than Supreme Head, a title the monarch still holds today."
275,History,Which Tudor rebellion in the north of England opposed the dissolution of the monasteries?,The Peasants' Revolt,The Jacobite Rising,The Pilgrimage of Grace,The Gunpowder Plot,C,"The Pilgrimage of Grace was a large rising in the north of England in 1536 against Henry VIII's religious changes, particularly the closure of the monasteries, which in northern counties were important sources of employment, charity and religious life. Tens of thousands took part under the leadership of Robert Aske, and the rebels were initially offered terms, but the promises were not kept and the leaders were executed. The rising showed the depth of attachment to traditional religion outside London and the south-east. The Peasants' Revolt had occurred in 1381, the Gunpowder Plot came in 1605, and the Jacobite risings belong to the eighteenth century."
276,History,"In which year did Elizabeth I die, ending the Tudor dynasty?",1649,1588,1603,1558,C,"Elizabeth I died in 1603 after a reign of forty-four years, and with her the Tudor line came to an end because she had never married and had no children. The throne passed to James VI of Scotland, the son of Mary, Queen of Scots, who became James I of England, joining the two crowns in a single person while the kingdoms remained legally separate for another century. Her reign is remembered for the religious settlement, the defeat of the Spanish Armada in 1588, the beginnings of overseas expansion, and a golden age of English drama and poetry. Her funeral drew vast crowds, and the period was later idealised as a golden age."
277,History,What was a significant effect of the printing press during the Reformation?,Latin replaced English in church services,Literacy declined sharply across Europe,Books became more expensive than manuscripts,Religious ideas and translations of the Bible spread rapidly,D,"Printing transformed the religious controversies of the sixteenth century. Pamphlets, translations and polemics could be produced in thousands of copies and distributed quickly and cheaply, allowing reformers' arguments to reach audiences far beyond the universities and courts. Translations of the Bible into vernacular languages, including English, meant that ordinary literate people could read scripture for themselves rather than relying on clergy, which was itself a revolutionary change. Authorities on both sides attempted to control what was printed, with limited success. William Caxton had introduced printing to England in 1476, several decades before Luther's protest began the Reformation in Germany. Printers themselves risked prosecution, and censorship through licensing became a recurring feature of the age."
278,History,What was the main religious division in Europe following the Reformation?,Between Christians and Romans,Between Presbyterians and Quakers,Between Anglicans and Methodists,Between Roman Catholics and Protestants,D,"The Reformation split western Christendom between those who remained loyal to the Roman Catholic Church and the various Protestant churches that rejected papal authority. The division dominated European politics for more than a century, producing wars, persecutions and shifting alliances, and it shaped British history directly: England, Wales and Scotland became Protestant while Ireland remained largely Catholic, a difference with lasting political consequences. Methodism and the Quakers emerged much later, as movements within or out of Protestantism, in the seventeenth and eighteenth centuries, and were part of the further fragmentation of Protestant religious life in Britain. In England the division ran through politics for generations, shaping law, succession and foreign policy alike."
279,History,Which Tudor monarch is associated with a 'golden age' of English drama and poetry?,Elizabeth I,Henry VII,Edward VI,Mary I,A,"The reign of Elizabeth I saw an extraordinary flowering of English literature, often called a golden age. William Shakespeare, Christopher Marlowe and Ben Jonson wrote for a booming commercial theatre in London, while Edmund Spenser produced the long allegorical poem The Faerie Queene in the queen's honour and Sir Philip Sidney wrote influential verse and prose. Purpose-built playhouses such as the Globe attracted large and socially mixed audiences. The period also produced notable music and a surge of interest in exploration and learning, and the era's confidence was reinforced by the defeat of the Spanish Armada in 1588. Music flourished too, with composers such as Thomas Tallis and William Byrd writing for church and court."
280,History,What is meant by the 'plantation' of Ireland?,The founding of monasteries across Ireland,The introduction of new crops from the Americas,The settlement of English and Scottish Protestants on confiscated Irish land,The planting of forests to supply the navy,C,"Plantation was the policy of confiscating land in Ireland and settling it with colonists from England and Scotland, pursued from the sixteenth century and most extensively in Ulster under James I in the early seventeenth century. The settlers were Protestant while the displaced population was Catholic, and the resulting pattern of landholding, religion and grievance shaped Irish history for centuries and lies behind the divisions that persisted in Northern Ireland into modern times. The city of Londonderry acquired its name and its walls during this period, being rebuilt with support from London livery companies as part of the Ulster plantation."
281,History,Which Tudor king strengthened the monarchy after the Wars of the Roses by restricting the private armies of nobles?,Henry VII,Henry VIII,Richard III,Edward VI,A,"Henry VII came to the throne in 1485 determined to prevent a return to the disorder of the Wars of the Roses. He limited the practice by which great lords maintained bodies of armed retainers, used the Court of Star Chamber to enforce royal justice against powerful offenders, and rebuilt royal finances through careful management and heavy fines. By the time of his death in 1509 the crown was solvent and the nobility considerably tamed, which gave his son Henry VIII the strength to undertake the break with Rome. His marriage to Elizabeth of York had also helped reconcile the rival factions."
282,History,What role did Thomas Cranmer play in the English Reformation?,He was Archbishop of Canterbury and shaped Protestant worship in English,He was the Pope's representative in England,He was a Spanish ambassador who opposed the divorce,He led an armed rebellion against Henry VIII,A,"Thomas Cranmer served as Archbishop of Canterbury under Henry VIII and Edward VI. He supported the annulment of Henry's marriage to Catherine of Aragon and the royal supremacy over the church, and under Edward VI he was the principal author of the Book of Common Prayer, whose English prose shaped worship and the language itself for centuries. When Mary I restored Catholicism he was tried for heresy, recanted under pressure and then withdrew his recantation, and he was burned at the stake in Oxford in 1556. His liturgy was reinstated under Elizabeth I and remains in use. His prose, measured and rhythmic, is among the most influential ever written in English."
283,History,Which of these best describes England's relationship with Spain during Elizabeth I's reign?,"Uninterested, with no contact between them","Peaceful, with a formal treaty of friendship","Hostile, culminating in the defeat of the Spanish Armada",Allied by a royal marriage throughout,C,"Relations between Protestant England and Catholic Spain deteriorated steadily during Elizabeth's reign. English seamen raided Spanish treasure fleets and colonies, England supported the Dutch revolt against Spanish rule, and Philip II backed Catholic plots against Elizabeth, whom the Pope had excommunicated. The execution of Mary, Queen of Scots in 1587 brought matters to a head, and the following year Philip launched the Armada, which was defeated in the Channel and wrecked by storms. War continued intermittently until after Elizabeth's death. Mary I had been married to Philip, but that alliance ended with her death in 1558. English privateers continued to raid Spanish shipping long after the Armada had been scattered."
284,History,What did Tudor sailors and merchants increasingly seek overseas?,Refuge from religious persecution in Africa,New trade routes and opportunities for exploration and settlement,Land to farm in continental Europe,Military alliances with the Ottoman empire only,B,"The sixteenth century saw English merchants and seafarers pushing into new waters in search of trade routes, markets and plunder, spurred by the example of Spain and Portugal. Expeditions sought a north-east and a north-west passage to Asia, trading companies were founded to open markets in Russia and the Levant, and Drake and others raided Spanish shipping in the Americas. Attempts at settlement in North America began under Elizabeth with the ill-fated Roanoke venture. These beginnings laid the foundations for the trading empire and colonial expansion that developed rapidly in the following century. The East India Company was founded in 1600, on the very last day of the sixteenth century."
285,History,Which Scottish king was defeated and killed at the Battle of Flodden in 1513?,Robert the Bruce,James IV,James VI,Macbeth,B,"James IV of Scotland invaded England in 1513 in support of Scotland's traditional alliance with France, while Henry VIII was campaigning on the continent. His army was defeated at Flodden in Northumberland and the king himself was killed, along with a large part of the Scottish nobility, making it one of the most catastrophic defeats in Scottish history. The throne passed to his infant son James V. The disaster is commemorated in the lament 'The Flowers of the Forest'. Robert the Bruce had reigned two centuries earlier, and James VI later inherited the English throne in 1603. Scotland's alliance with France against England was known as the Auld Alliance and lasted for centuries."
286,History,Which institution did Henry VIII use to give legal force to the break with Rome?,The Privy Council alone,Parliament,A general church council,The Court of Star Chamber,B,"Henry VIII carried through the break with Rome by statute, using Parliament to pass a series of Acts that ended papal jurisdiction, declared the royal supremacy and authorised the dissolution of the monasteries. This had constitutional as well as religious significance, because it demonstrated the reach of parliamentary legislation and bound the political nation to the changes by making them parties to them. The Reformation Parliament sat for several years and passed some of the most consequential legislation in English history. The Star Chamber was a prerogative court used for enforcing order, not for making law of this kind. Statute, rather than royal proclamation alone, made the changes difficult for any successor to undo."
287,History,Who was the mother of Elizabeth I?,Jane Seymour,Catherine of Aragon,Catherine Parr,Anne Boleyn,D,"Elizabeth I was the daughter of Henry VIII and his second wife Anne Boleyn, whose marriage to the king had prompted the break with Rome. Anne was executed on charges of treason and adultery when Elizabeth was still an infant, and Elizabeth's position at court was precarious for years afterwards. Catherine of Aragon was Henry's first wife and the mother of Mary I; Jane Seymour was his third wife and the mother of Edward VI; and Catherine Parr, his sixth wife, outlived him and took an interest in the education of his children, including the young Elizabeth. Elizabeth rarely spoke of her mother in public, though she kept her memory close throughout her reign."
288,History,What was the Court of Star Chamber?,A council advising on foreign trade,The highest court of appeal in Scotland,A church court trying cases of heresy,A royal court used to enforce the king's justice against powerful subjects,D,"The Court of Star Chamber, named after the decorated ceiling of the room in which it met at Westminster, was a prerogative court composed of royal councillors. The Tudors used it to deal with cases where powerful defendants might overawe ordinary juries, and it helped Henry VII and his successors impose order on an unruly nobility. Because it sat without a jury and could act swiftly, it later became a byword for arbitrary justice when the Stuarts employed it against political and religious opponents, and it was abolished by the Long Parliament in 1641 during the crisis that led to civil war."
289,History,Which English translation of the Bible was produced in the reign of James I?,The Book of Common Prayer,The King James Bible,The Lindisfarne Gospels,The Domesday Book,B,"The King James Bible, also called the Authorised Version, was published in 1611 after being commissioned by James I and prepared by teams of scholars working from the original languages and earlier English translations. It became the standard English Bible for centuries and its language, alongside that of the Book of Common Prayer, has had a profound influence on English literature and everyday speech, supplying countless familiar phrases. Earlier English translations by Tyndale and others had circulated despite official hostility, and Tyndale himself was executed, though much of his wording survives in the later version. Its influence on written English is rivalled only by the plays of Shakespeare and the prayer book."
290,History,What was the 'Elizabethan Poor Law' notable for?,Creating a national framework for parish relief of the poor,Abolishing all charity for the destitute,Making poverty a capital offence,Transferring poor relief to the monasteries,A,"The Elizabethan Poor Law, consolidating earlier measures at the very end of the sixteenth century and in 1601, made each parish legally responsible for relieving its own poor, funded by a compulsory local rate and administered by overseers. It distinguished between those unable to work through age or infirmity, who were to be supported, and the able-bodied, who were to be set to work, with punishment for persistent vagrants. The system was a notable early example of state-organised welfare and lasted, with modifications, until the nineteenth century, when the workhouse system replaced it. The monasteries that had previously provided relief had been dissolved decades earlier."
291,History,Which of these was a major consequence of the dissolution of the monasteries?,The construction of Hadrian's Wall,The introduction of the printing press,A great transfer of land and wealth to the crown and then to the gentry,The founding of the first English universities,C,"The closure of the monasteries transferred an enormous quantity of land and treasure to the crown, and much of it was subsequently sold to nobles and gentry who were eager to buy. This created a substantial class of landowners with a direct financial interest in resisting any restoration of Catholicism, which helped make the English Reformation permanent. It also removed institutions that had provided education, hospitality and charitable relief, contributing to the problem of poverty that Tudor legislation then tried to address. The ruins of the great abbeys remain among the most evocative monuments in the British countryside. Some monastic buildings survived by becoming parish churches, cathedrals or private country houses."
292,History,Who succeeded Elizabeth I in 1603?,"Mary, Queen of Scots",Henry VIII's nephew,Charles I,James VI of Scotland,D,"James VI of Scotland, son of Mary, Queen of Scots, inherited the English throne on Elizabeth's death in 1603 and reigned as James I of England, a moment known as the Union of the Crowns. The two kingdoms retained separate parliaments, laws and churches, and they were not politically united until the Act of Union of 1707, but from this point a single monarch ruled both. His accession began the Stuart dynasty in England. His reign saw the Gunpowder Plot of 1605, the publication of the King James Bible in 1611 and the founding of the first permanent English colony in North America."
293,History,What is the Union of the Crowns?,The marriage of Henry VII and Elizabeth of York,The union of the English and Scottish parliaments in 1707,The joining of the English and Scottish crowns under one monarch in 1603,The annexation of Wales by England,C,"The Union of the Crowns took place in 1603, when James VI of Scotland succeeded Elizabeth I and became also James I of England, so that one monarch reigned over both kingdoms. The countries nonetheless remained separate states with their own parliaments, legal systems and established churches, and relations between them were often difficult during the seventeenth century. Political union came only with the Act of Union of 1707, which created the Kingdom of Great Britain and a single parliament at Westminster. Scotland retained its own legal system, church and education arrangements under that settlement, as it does today. James styled himself King of Great Britain, although no such single state existed in law at the time."
294,History,Which Tudor queen reigned for only nine days?,Anne Boleyn,Mary I,Elizabeth I,Lady Jane Grey,D,"Lady Jane Grey, a great-granddaughter of Henry VII, was proclaimed queen in 1553 after the death of the young Edward VI, in an attempt by leading Protestant councillors to prevent the Catholic Mary from succeeding. Support collapsed within days as Mary gathered forces and public backing, and Jane was deposed after about nine days, imprisoned in the Tower of London and executed the following year at the age of seventeen. The episode illustrates how closely religion and dynastic politics were entwined in the Tudor period, and how dangerous a claim to the throne could be for those who held one."
295,History,"During the Tudor period, what happened to the population of England?","It grew substantially, contributing to rising prices and poverty",It remained exactly the same throughout,It doubled within a single decade,It fell sharply because of repeated plagues,A,"England's population rose considerably over the sixteenth century, recovering from the losses of the later Middle Ages. Growth put pressure on food supplies and land, contributing to a long inflation in prices that outpaced wages and to an increase in poverty and vagrancy. These pressures, combined with the enclosure of common land for sheep farming and the disappearance of monastic charity, lay behind the Tudor Poor Laws and recurring anxiety about disorder. Towns grew, and London in particular expanded rapidly, becoming by far the largest city in the kingdom and a magnet for migrants from the countryside. London's growth was especially rapid, and by 1600 it had become one of Europe's great cities."
296,History,Which of these was NOT one of Henry VIII's wives?,Jane Seymour,"Mary, Queen of Scots",Catherine Parr,Anne Boleyn,B,"Mary, Queen of Scots, was never married to Henry VIII. She was the queen of Scotland who was eventually executed on the orders of Elizabeth I in 1587, and her son became James I of England. Henry's six wives were Catherine of Aragon, Anne Boleyn, Jane Seymour, Anne of Cleves, Catherine Howard and Catherine Parr. Two were divorced, two were executed, one died shortly after childbirth and the last outlived the king. His pursuit of a male heir through these marriages drove the break with Rome and reshaped the religious and political history of the country. Only Jane Seymour bore him a son who survived infancy, the short-lived Edward VI."
297,History,What was the significance of the defeat of the Spanish Armada for England?,It forced England to return to Catholicism,It led to the conquest of Spain by England,It boosted national confidence and strengthened England's position at sea,It immediately ended all conflict with Spain,C,"The defeat of the Armada in 1588 was a decisive moment for English morale and for the reputation of Elizabeth I, delivering the country from the threat of invasion by the most powerful monarchy in Europe. It encouraged the growth of English naval strength and confidence in overseas ventures, and it became a central story in the national memory, reinforced by the queen's speech to the troops at Tilbury. It did not, however, end the war, which dragged on for years with mixed fortunes, and Spain remained a formidable power. Nor did it lead to any English conquest of Spanish territory in Europe."
298,History,Which Tudor development helped make English the language of worship in England?,The banning of printing in English,A decree that Latin be taught in all parishes,The introduction of services and Bibles in English,The adoption of French for church services,C,"One of the most visible effects of the Reformation in England was the replacement of Latin with English in worship. The Bible was translated and authorised for use in churches, and under Edward VI the Book of Common Prayer set out services in English, a change confirmed after Elizabeth I's accession. Ordinary people could now follow and understand the liturgy and read scripture themselves where they were literate. The effect on the language was profound, since the cadences of Cranmer's prayer book and of the later King James Bible shaped English prose and supplied phrases still in everyday use. Church attendance was required by law, so this language reached almost the whole population each week."
